Paper_ID	Year	Domain	System_specific	Phylum	Class	Order	Family	Genus 	species	Ecological_Classification	Control	Control_identity	Congeneric_control	Response_variable	Response_Group	Predictor_variable	Predictor_Group	Statistical_method	Test_statistic	Value	df	N	Direction_of_effect	P-value	Pearson_r_conversion	Notes	Compiler
Alert_00001	2019-2020	Terrestrial	Doline	Arthopoda	Malacostraca	Isopoda	Multiple	Multiple	Multiple	External	yes	Surface habitat	Not applicable	Climate Change generic	Climate Change 	Abundance	Refugium effect	GLMM	z	4,4300	NA	208	+	<0,001	0,30717	-	Stefano Mammola
Alert_00001	2019-2020	Terrestrial	Doline	Arthopoda	Hexapoda	Coleoptera	Carabidae	Multiple	Multiple	External	yes	Surface habitat	Not applicable	Climate Change generic	Climate Change 	Abundance	Refugium effect	GLMM	z	4,8900	NA	208	+	<0,001	0,33906	-	Stefano Mammola
Alert_00001	2019-2020	Terrestrial	Doline	Arthopoda	Hexapoda	Coleoptera	Staphylinidae	Multiple	Multiple	External	yes	Surface habitat	Not applicable	Climate Change generic	Climate Change 	Abundance	Refugium effect	GLMM	z	9,2400	NA	208	+	<0,001	0,64068	-	Stefano Mammola
Alert_00001	2019-2020	Terrestrial	Doline	Arthopoda	Arachnida	Araneae	Multiple	Multiple	Multiple	External	yes	Surface habitat	Not applicable	Climate Change generic	Climate Change 	Abundance	Refugium effect	GLMM	z	-2,1700	NA	208	-	<0,001	-0,15046	-	Stefano Mammola
Alert_00001	2019-2020	Terrestrial	Doline	Arthopoda	Hexapoda	Hymenoptera	Formicidae	Multiple	Multiple	External	yes	Surface habitat	Not applicable	Climate Change generic	Climate Change 	Abundance	Refugium effect	GLMM	z	-5,6600	NA	208	-	<0,05	-0,39245	The authors possibly inverted the stat	Stefano Mammola
Alert_00001	2019-2020	Terrestrial	Doline	Arthopoda	Malacostraca	Isopoda	Multiple	Multiple	Multiple	External	yes	Surface habitat	Not applicable	Climate Change generic	Climate Change 	Trait (Moister-specialist species)	Refugium effect	LMM	t	19,6300	NA	208	+	<0,001	0,80724	-	Stefano Mammola
Alert_00001	2019-2020	Terrestrial	Doline	Arthopoda	Hexapoda	Coleoptera	Carabidae	Multiple	Multiple	External	yes	Surface habitat	Not applicable	Climate Change generic	Climate Change 	Trait (Moister-specialist species)	Refugium effect	LMM	t	7,6700	NA	208	+	<0,001	0,47132	-	Stefano Mammola
Alert_00001	2019-2020	Terrestrial	Doline	Arthopoda	Hexapoda	Coleoptera	Staphylinidae	Multiple	Multiple	External	yes	Surface habitat	Not applicable	Climate Change generic	Climate Change 	Trait (Moister-specialist species)	Refugium effect	LMM	t	4,5200	NA	208	+	<0,001	0,30038	-	Stefano Mammola
Alert_00001	2019-2020	Terrestrial	Doline	Arthopoda	Arachnida	Araneae	Multiple	Multiple	Multiple	External	yes	Surface habitat	Not applicable	Climate Change generic	Climate Change 	Trait (Moister-specialist species)	Refugium effect	LMM	t	10,8600	NA	208	+	<0,001	0,60339	-	Stefano Mammola
Alert_00001	2019-2020	Terrestrial	Doline	Arthopoda	Hexapoda	Hymenoptera	Formicidae	Multiple	Multiple	External	yes	Surface habitat	Not applicable	Climate Change generic	Climate Change 	Trait (Moister-specialist species)	Refugium effect	LMM	t	9,1500	NA	208	+	<0,001	0,53756	-	Stefano Mammola
Alert_00001	2019-2020	Terrestrial	Doline	Arthopoda	Malacostraca	Isopoda	Multiple	Multiple	Multiple	External	yes	Surface habitat	Not applicable	Climate Change generic	Climate Change 	Trait (Dispersal ability)	Refugium effect	LMM	t	-9,5000	NA	208	-	<0,001	-0,55194	-	Stefano Mammola
Alert_00001	2019-2020	Terrestrial	Doline	Arthopoda	Hexapoda	Coleoptera	Carabidae	Multiple	Multiple	External	yes	Surface habitat	Not applicable	Climate Change generic	Climate Change 	Trait (Dispersal ability)	Refugium effect	LMM	t	3,3600	NA	208	+	<0,001	0,22794	-	Stefano Mammola
Alert_00001	2019-2020	Terrestrial	Doline	Arthopoda	Hexapoda	Coleoptera	Staphylinidae	Multiple	Multiple	External	yes	Surface habitat	Not applicable	Climate Change generic	Climate Change 	Trait (Dispersal ability)	Refugium effect	LMM	t	6,2300	NA	208	+	<0,001	0,39817	-	Stefano Mammola
Alert_00001	2019-2020	Terrestrial	Doline	Arthopoda	Arachnida	Araneae	Multiple	Multiple	Multiple	External	yes	Surface habitat	Not applicable	Climate Change generic	Climate Change 	Trait (Dispersal ability)	Refugium effect	LMM	t	5,2600	NA	208	+	<0,001	0,34410	-	Stefano Mammola
Alert_00003	2019-2020	Terrestrial	Cave ; Crevices	Chordata	Mammalia	Chiroptera	Multiple	Multiple	Multiple	Troglophile/Stygophile	yes	Same species inhabiting hot roosts (e.g. under roofs) rather than caves	yes	Maximum body temperature	Temperature	Inhabiting cold versus hot roost	Heat wave sensivity	LMM	t	14,1000	NA	52	+	<0,001	0,89389	Sign flipped	Stefano Mammola
Alert_00003	2019-2020	Terrestrial	Cave ; Crevices	Chordata	Mammalia	Chiroptera	Multiple	Multiple	Multiple	Troglophile/Stygophile	yes	Same species inhabiting hot roosts (e.g. under roofs) rather than caves	yes	Maximum subcutaneous temperature	Temperature	Inhabiting cold versus hot roost	Heat wave sensivity	LMM	t	5,0000	NA	52	+	<0,01	0,57735	Sign flipped	Stefano Mammola
Alert_00003	2019-2020	Terrestrial	Cave ; Crevices	Chordata	Mammalia	Chiroptera	Multiple	Multiple	Multiple	Troglophile/Stygophile	yes	Same species inhabiting hot roosts (e.g. under roofs) rather than caves	yes	Maximum fractional increase in EWL (evaporative scope) or maximum EHL/MHP	RH	Inhabiting cold versus hot roost	Drought sensivity	LMM	t	3,77	NA	52	+	<0,01	0,47047	-	Stefano Mammola
Alert_00003	2019-2020	Terrestrial	Cave ; Crevices	Chordata	Mammalia	Chiroptera	Multiple	Multiple	Multiple	Troglophile/Stygophile	yes	Inhabiting hot roosts (e.g. under roofs) rather than caves	no	Maximum body temperature	Temperature	Tair	Heat wave sensivity	PGLS	r2	0,3300	NA	13	+	0,018	0,57446	-	Stefano Mammola
Alert_00005	2016-2022	Aquatic	Cave	Platyhelminthes	Turbellaria	Tricladida	Dendrocoelidae	Multiple	Multiple	Troglophile/Stygophile	no	Not applicable	Not applicable	Duration of dryness	Drought	Burrowing (Reactivation time)	Behavior	Univariate	chi2	18,5800	NA	53	+	<0,001	0,59209	sign flipped	Stefano Mammola
Alert_00005	2016-2022	Aquatic	Cave	Platyhelminthes	Turbellaria	Tricladida	Dendrocoelidae	Multiple	Multiple	Troglophile/Stygophile	no	Not applicable	Not applicable	Duration of dryness	Drought	Burrowing (Reactivation time)	Behavior	ANOVA	F	7,6200	53	53	+	<0,001	0,72305	sign flipped	Stefano Mammola
Alert_00006	2021	Aquatic	Cave	Arthopoda	Malacostraca	Isopoda	Asellidae	Proasellus	lusitanicus	Troglobiont/Stygobiont	yes	Individuals kept at the temperature of the collection site	no	Temperature	Temperature increase	Standard respiration rates	Metabolism	PERMANOVA	Pseudo-F	4,4500	3	58	-	0,0048	-0,93190	Overall effect of temperature on oxygen consumption rates 	Tiziana Di Lorenzo
Alert_00006	2021	Aquatic	Cave	Arthopoda	Malacostraca	Isopoda	Asellidae	Proasellus	lusitanicus	Troglobiont/Stygobiont	yes	Individuals kept at the temperature of the collection site	no	Temperature	Temperature increase	Standard respiration rates	Metabolism	T-test	t	0,6704	1	30	-	>0,05	-0,12569	T value not reported in the publication but provided by the authors upon request 	Tiziana Di Lorenzo
Alert_00006	2021	Aquatic	Cave	Arthopoda	Malacostraca	Isopoda	Asellidae	Proasellus	lusitanicus	Troglobiont/Stygobiont	yes	Individuals kept at the temperature of the collection site	no	Temperature	Temperature increase	Standard respiration rates	Metabolism	T-test	t	0,1572	1	30	-	>0,05	-0,02969	T value not reported in the publication but provided by the authors upon request 	Tiziana Di Lorenzo
Alert_00006	2021	Aquatic	Cave	Arthopoda	Malacostraca	Isopoda	Asellidae	Proasellus	lusitanicus	Troglobiont/Stygobiont	yes	Individuals kept at the temperature of the collection site	no	Temperature	Temperature increase	Standard respiration rates	Metabolism	T-test	t	3,2800	1	30	-	0,0004	-0,52685	-	Tiziana Di Lorenzo
Alert_00006_R1	2014	Aquatic	Cave	Arthopoda	Malacostraca	Amphipoda	Niphargidae	Niphargus	Multiple 	Troglobiont/Stygobiont	yes	Individuals kept at stable conditions 	yes	Temperature	Temperature increase	Standard respiration rates	Metabolism	ANOVA	F	14,3900	54	54	+	<0,001	-0,89060	Date inferred	Tiziana Di Lorenzo
Alert_00006_R1	2014	Aquatic	Cave	Arthopoda	Malacostraca	Isopoda	Asellidae	Asellus	Multiple	Troglobiont/Stygobiont	yes	Individuals kept at stable conditions 	yes	Temperature	Temperature increase	Standard respiration rates	Metabolism	ANOVA	F	14,9700	39	39	+	<0,001	-0,92291	Date inferred	Tiziana Di Lorenzo
Alert_00006_R1	2014	Aquatic	Cave	Arthopoda	Malacostraca	Amphipoda	Niphargidae	Niphargus	Multiple	Troglobiont/Stygobiont	yes	Individuals kept at stable conditions 	yes	Temperature	Temperature increase	Electon Transport System activity	Metabolism	ANOVA	F	550,3700	51	51	+	<0,001	-0,99992		Tiziana Di Lorenzo
Alert_00006_R1	2014	Aquatic	Cave	Arthopoda	Malacostraca	Isopoda	Asellidae	Asellus	Multiple	Troglobiont/Stygobiont	yes	Individuals kept at stable conditions 	yes	Temperature	Temperature increase	Electon Transport System activity	Metabolism	ANOVA	F	603,1700	39	39	+	<0,001	-0,99995		Tiziana Di Lorenzo
Alert_00006_R1	2014	Aquatic	Cave	Arthopoda	Malacostraca	Amphipoda	Niphargidae	Niphargus	Multiple	Troglobiont/Stygobiont	yes	Individuals kept at stable conditions 	yes	Temperature	Temperature increase	Respiration / Electon Transport System activity	Metabolism	ANOVA	F	38,5400	51	51	-	<0,001	-0,98326		Tiziana Di Lorenzo
Alert_00006_R1	2014	Aquatic	Cave	Arthopoda	Malacostraca	Isopoda	Asellidae	Asellus	Multiple	Troglobiont/Stygobiont	yes	Individuals kept at stable conditions 	yes	Temperature	Temperature increase	Respiration / Electon Transport System activity	Metabolism	ANOVA	F	2,5	39	39	-	>0,05	-0,37165		Tiziana Di Lorenzo
Alert_00007	NA	Aquatic	Cave	Arthropoda	Malacostraca	Decapoda	Atyidae	Typhlatya	mitchelli	Troglobiont/Stygobiont	yes	Measured immediately from individuals of same species	yes	CTmax	Temperature	Oxidative (cell) damage	Metabolism	MANOVA (posthoc)	pseudo-t	0,8100	NA	23	+	0,68	0,17406	(baseline versus critical thermal maximum)	Melissa Meierhofer
Alert_00007	NA	Aquatic	Cave	Arthropoda	Malacostraca	Decapoda	Atyidae	Typhlatya	mitchelli	Troglobiont/Stygobiont	yes	Measured immediately from individuals of same species	yes	CTmin	Temperature	Oxidative (cell) damage	Metabolism	MANOVA (posthoc)	pseudo-t	0,8100	NA	21	+	0,68	0,18270	(baseline versus critical thermal minimum)	Melissa Meierhofer
Alert_00007	NA	Aquatic	Cave	Arthropoda	Malacostraca	Decapoda	Atyidae	Typhlatya	pearsei	Troglobiont/Stygobiont	yes	Measured immediately from individuals of same species	yes	CTmax	Temperature	Oxidative (cell) damage	Metabolism	MANOVA (posthoc)	pseudo-t	1,6600	NA	18	+	0,058	0,38330	(baseline versus critical thermal maximum)	Melissa Meierhofer
Alert_00007	NA	Aquatic	Cave	Arthropoda	Malacostraca	Decapoda	Atyidae	Typhlatya	pearsei	Troglobiont/Stygobiont	yes	Measured immediately from individuals of same species	yes	CTmin	Temperature	Oxidative (cell) damage	Metabolism	MANOVA (posthoc)	pseudo-t	1,6600	NA	18	+	0,058	0,38330	(baseline versus critical thermal minimum)	Melissa Meierhofer
Alert_00007	NA	Aquatic	Cave	Arthropoda	Malacostraca	Decapoda	Atyidae	Typhlatya	dzilamensis	Troglobiont/Stygobiont	yes	Measured immediately from individuals of same species	yes	CTmax	Temperature	Oxidative (cell) damage	Metabolism	MANOVA (posthoc)	pseudo-t	1,6900	NA	21	+	0,031	0,36149	(baseline versus critical thermal maximum)	Melissa Meierhofer
Alert_00007	NA	Aquatic	Cave	Arthropoda	Malacostraca	Decapoda	Atyidae	Typhlatya	dzilamensis	Troglobiont/Stygobiont	yes	Measured immediately from individuals of same species	yes	CTmin	Temperature	Oxidative (cell) damage	Metabolism	MANOVA (posthoc)	pseudo-t	1,6900	NA	21	+	0,031	0,36149	(baseline versus critical thermal minimum)	Melissa Meierhofer
Alert_00008	2019	Terrestrial	Doline	Arthropoda	Hexapoda	Collembola	Multiple	Multiple	Multiple	External (Hygrophilous)	yes	Plateau	Not applicable	Temperature 	Temperature	Richness	Refugium effect	GLM	F	3,26	63	63	+	0,017	0,37992	Sample size not clear – approximated	Stefano Mammola
Alert_00008	2019	Terrestrial	Doline	Arthropoda	Hexapoda	Collembola	Multiple	Multiple	Multiple	External (Hygrophilous)	yes	Plateau	Not applicable	Temperature 	Temperature	Adundance	Refugium effect	GLM	F	2,38	8070	8070	+	0,06	0,02648	Sample size not clear – approximated	Stefano Mammola
Alert_00008	2019	Terrestrial	Doline	Arthropoda	Hexapoda	Collembola	Multiple	Multiple	Multiple	External (Mesophilous)	yes	Plateau	Not applicable	Temperature 	Temperature	Richness	Refugium effect	GLM	F	7,15	63	63	+	<0.001	0,66930	Sample size not clear – approximated	Stefano Mammola
Alert_00008	2019	Terrestrial	Doline	Arthropoda	Hexapoda	Collembola	Multiple	Multiple	Multiple	External (Mesophilous)	yes	Plateau	Not applicable	Temperature 	Temperature	Adundance	Refugium effect	GLM	F	1,81	8070	8070	-	0,136	-0,02014	Sample size not clear – approximated	Stefano Mammola
Alert_00008	2019	Terrestrial	Doline	Arthropoda	Hexapoda	Collembola	Multiple	Multiple	Multiple	External (Xerophilous)	yes	Plateau	Not applicable	Temperature 	Temperature	Richness	Refugium effect	GLM	F	4,01	63	63	+	0,005	0,45093	Sample size not clear – approximated	Stefano Mammola
Alert_00008	2019	Terrestrial	Doline	Arthropoda	Hexapoda	Collembola	Multiple	Multiple	Multiple	External (Xerophilous)	yes	Plateau	Not applicable	Temperature 	Temperature	Adundance	Refugium effect	GLM	F	2,07	8070	8070	+	0,094	0,02304	Sample size not clear – approximated	Stefano Mammola
Alert_00008	2019	Terrestrial	Doline	Arthropoda	Hexapoda	Collembola	Multiple	Multiple	Multiple	External (Termophilous)	yes	Plateau	Not applicable	Temperature 	Temperature	Richness	Refugium effect	GLM	F	1,79	63	63	+	0,141	0,21999	Sample size not clear – approximated	Stefano Mammola
Alert_00008	2019	Terrestrial	Doline	Arthropoda	Hexapoda	Collembola	Multiple	Multiple	Multiple	External (Termophilous)	yes	Plateau	Not applicable	Temperature 	Temperature	Adundance	Refugium effect	GLM	F	1,2	8070	8070	+	0,319	0,01336	Sample size not clear – approximated	Stefano Mammola
CC_0001	2018	Terrestrial	Cave ; Mine	Arthopoda	Arachnida	Araneae	Linyphiidae	Troglohyphantes	spp.	Troglophile/Stygophile	yes	Low specialized Troglohyphantes (T. lucifuga; T. lucifer; T. pluto)	yes	ΔCT (temperature at which 100% individuals experienced total paralysis relative to the mean annual cave temperature at which the specimens were sampled)	Temperature	Survival over time	Mortality	GLMM	z	7,5263	NA	224	+	<0,01	0,50287	sign flipped; z-values is obtained by estimated beta / SE	Stefano Mammola
CC_0001	2018	Terrestrial	Cave ; Mine	Arthopoda	Arachnida	Araneae	Linyphiidae	Troglohyphantes	spp.	Troglobiont/Stygobiont	yes	Low specialized Troglohyphantes (T. lucifuga; T. lucifer; T. pluto)	yes	ΔCT (temperature at which 100% individuals experienced total paralysis relative to the mean annual cave temperature at which the specimens were sampled)	Temperature	Survival over time	Mortality	GLMM	z	9,7143	NA	224	+	<0,01	0,64906	sign flipped; z-values is obtained by estimated beta / SE	Stefano Mammola
CC_0002	2014-2017	Terrestrial	Cave ; Mine	Arthopoda	Arachnida	Araneae	Linyphiidae	Troglohyphantes	spp.	Troglophile/Stygophile	no	Not applicable	Not applicable	Habitat temperature increase	Temperature	Probability of occurrence	Habitat availability	GLM	z	-2,1807	NA	33	-	0,02	-0,37962	z-values is obtained by estimated beta / SE	Stefano Mammola
CC_0003	2009	Aquatic	Cave	Arthopoda	Malacostraca	Amphipoda	Niphargidae	Niphargus	rhenorhodanensis	Troglobiont/Stygobiont	yes	Individuals kept at 10 °C	yes	Temperature increase + 2°C 12 hours	Temperature	Heat Shock Protein expression	Gene/Protein expression	Mean difference	Mean +/- SD	NA	NA	12	-	>0,05	-0,81000	Mean and SD derived from Figure 4	Stefano Mammola
CC_0003	2009	Aquatic	Cave	Arthopoda	Malacostraca	Amphipoda	Niphargidae	Niphargus	rhenorhodanensis	Troglobiont/Stygobiont	yes	Individuals kept at 10 °C	yes	Temperature increase + 6°C 12 hoours	Temperature	Heat Shock Protein expression	Gene/Protein expression	Mean difference	Mean +/- SD	NA	NA	12	+	<0,05	0,66000	Mean and SD derived from Figure 4	Stefano Mammola
CC_0003	2009	Aquatic	Cave	Arthopoda	Malacostraca	Amphipoda	Niphargidae	Niphargus	rhenorhodanensis	Troglobiont/Stygobiont	yes	Individuals kept at 10 °C	yes	Temperature increase + 2°C 1 month	Temperature	Heat Shock Protein expression	Gene/Protein expression	Mean difference	Mean +/- SD	NA	NA	12	+	>0,05	0,57000	Mean and SD derived from Figure 4	Stefano Mammola
CC_0003	2009	Aquatic	Cave	Arthopoda	Malacostraca	Amphipoda	Niphargidae	Niphargus	rhenorhodanensis	Troglobiont/Stygobiont	yes	Individuals kept at 10 °C	yes	Temperature increase + 6°C 1 month	Temperature	Heat Shock Protein expression	Gene/Protein expression	Mean difference	Mean +/- SD	NA	NA	12	+	<0,05	0,77000	Mean and SD derived from Figure 4	Stefano Mammola
CC_0003	2009	Aquatic	Cave	Arthopoda	Malacostraca	Amphipoda	Niphargidae	Niphargus	rhenorhodanensis	Troglobiont/Stygobiont	yes	Individuals kept at 10 °C	yes	Temperature increase + 2°C 2 months	Temperature	Heat Shock Protein expression	Gene/Protein expression	Mean difference	Mean +/- SD	NA	NA	12	+	>0,05	0,57000	Mean and SD derived from Figure 4	Stefano Mammola
CC_0003	2009	Aquatic	Cave	Arthopoda	Malacostraca	Amphipoda	Niphargidae	Niphargus	rhenorhodanensis	Troglobiont/Stygobiont	yes	Individuals kept at 10 °C	yes	Temperature increase + 6°C 2 months	Temperature	Heat Shock Protein expression	Gene/Protein expression	Mean difference	Mean +/- SD	NA	NA	12	+	<0,05	0,92000	Mean and SD derived from Figure 4	Stefano Mammola
CC_0003	2009	Aquatic	Cave	Arthopoda	Malacostraca	Amphipoda	Niphargidae	Niphargus	rhenorhodanensis	Troglobiont/Stygobiont	yes	Individuals kept at 10 °C	yes	Temperature increase + 2°C 6 months	Temperature	Heat Shock Protein expression	Gene/Protein expression	Mean difference	Mean +/- SD	NA	NA	12	+	>0,05	0,23000	Mean and SD derived from Figure 4	Stefano Mammola
CC_0003	2009	Aquatic	Cave	Arthopoda	Malacostraca	Amphipoda	Niphargidae	Niphargus	rhenorhodanensis	Troglobiont/Stygobiont	yes	Individuals kept at 10 °C	yes	Temperature increase + 6°C 6 months	Temperature	Heat Shock Protein expression	Gene/Protein expression	Mean difference	Mean +/- SD	NA	NA	12	+	<0,05	0,81000	Mean and SD derived from Figure 4	Stefano Mammola
CC_0025	2017-2020	Terrestrial	Cave	Arthopoda	Hexapoda	Coleoptera	Leiodidae	Bathysciola	mystica	Troglophile/Stygophile	yes	Individuals kept at habitat temperature	yes	Temperature	Temperature	Survival over time	Mortality	log-rank test	χ² 	23,1000	3	39	+	<0.001	0,96788	overall effect of temperature on survival time (sign flipped to get mortality)	Raquel Colado
CC_0025	2017-2020	Terrestrial	Cave	Arthopoda	Hexapoda	Coleoptera	Leiodidae	Bathysciola	rugosa	Troglophile/Stygophile	yes	Individuals kept at habitat temperature	yes	Temperature	Temperature	Survival over time	Mortality	log-rank test	χ² 	39,9000	3	36	+	<0.001	0,98979	overall effect of temperature on survival time (sign flipped to get mortality)	Raquel Colado
CC_0025	2017-2020	Terrestrial	Cave	Arthopoda	Hexapoda	Coleoptera	Leiodidae	Nafarroa 	sorogainensis	Troglophile/Stygophile	yes	Individuals kept at habitat temperature	yes	Temperature	Temperature	Survival over time	Mortality	log-rank test	χ² 	45,2000	3	34	+	<0.001	0,99250	overall effect of temperature on survival time (sign flipped to get mortality)	Raquel Colado
CC_0025	2017-2020	Terrestrial	Cave	Arthopoda	Hexapoda	Coleoptera	Leiodidae	Euryspeonomus	breuili	Troglophile/Stygophile	yes	Individuals kept at habitat temperature	yes	Temperature	Temperature	Survival over time	Mortality	log-rank test	χ² 	43,1000	3	40	+	<0.001	0,99019	overall effect of temperature on survival time (sign flipped to get mortality)	Raquel Colado
CC_0025	2017-2020	Terrestrial	Cave	Arthopoda	Hexapoda	Coleoptera	Leiodidae	Speocharidius 	breuili	Troglobiont/Stygobiont	yes	Individuals kept at habitat temperature	yes	Temperature	Temperature	Survival over time	Mortality	log-rank test	χ² 	61,1000	3	48	+	<0.001	0,99403	overall effect of temperature on survival time (sign flipped to get mortality)	Raquel Colado
CC_0025	2017-2020	Terrestrial	Cave	Arthopoda	Hexapoda	Coleoptera	Leiodidae	Parvospeonomus 	canyellesi	Troglobiont/Stygobiont	yes	Individuals kept at habitat temperature	yes	Temperature	Temperature	Survival over time	Mortality	log-rank test	χ² 	47,6000	3	39	+	<0.001	0,99215	overall effect of temperature on survival time (sign flipped to get mortality)	Raquel Colado
CC_0025	2017-2020	Terrestrial	Cave	Arthopoda	Hexapoda	Coleoptera	Leiodidae	Stygiophyes	puncticollis	Troglobiont/Stygobiont	yes	Individuals kept at habitat temperature	yes	Temperature	Temperature	Survival over time	Mortality	log-rank test	χ² 	34,4000	3	27	+	<0.001	0,99001	overall effect of temperature on survival time (sign flipped to get mortality)	Raquel Colado
CC_0025	2017-2020	Terrestrial	Cave	Arthopoda	Hexapoda	Coleoptera	Leiodidae	Machaeroscelis	infernus	Troglobiont/Stygobiont	yes	Individuals kept at habitat temperature	yes	Temperature	Temperature	Survival over time	Mortality	log-rank test	χ² 	11,2000	3	23	+	0,01	0,92870	overall effect of temperature on survival time (sign flipped to get mortality)	Raquel Colado
CC_0025	2017-2020	Terrestrial	Cave	Arthopoda	Hexapoda	Coleoptera	Leiodidae	Pseudospeonomus 	raholai	Troglobiont/Stygobiont	yes	Individuals kept at habitat temperature	yes	Temperature	Temperature	Survival over time	Mortality	log-rank test	χ² 	4,4000	3	42	+	0,2	0,57596	overall effect of temperature on survival time (sign flipped to get mortality)	Raquel Colado
CC_0025	2017-2020	Terrestrial	Cave	Arthopoda	Hexapoda	Coleoptera	Leiodidae	Speonomites	crypticola	Troglobiont/Stygobiont	yes	Individuals kept at habitat temperature	yes	Temperature	Temperature	Survival over time	Mortality	log-rank test	χ² 	46,7000	3	42	+	<0.001	0,99118	overall effect of temperature on survival time (sign flipped to get mortality)	Raquel Colado
CC_0025	2017-2020	Terrestrial	Cave	Arthopoda	Hexapoda	Coleoptera	Leiodidae	Speonomites	velox	Troglobiont/Stygobiont	yes	Individuals kept at habitat temperature	yes	Temperature	Temperature	Survival over time	Mortality	log-rank test	χ² 	43,7000	3	43	+	<0.001	0,98969	overall effect of temperature on survival time (sign flipped to get mortality)	Raquel Colado
CC_0025	2017-2020	Terrestrial	Cave	Arthopoda	Hexapoda	Coleoptera	Leiodidae	Speonomus 	curvipes	Troglobiont/Stygobiont	yes	Individuals kept at habitat temperature	yes	Temperature	Temperature	Survival over time	Mortality	log-rank test	χ² 	45,1000	3	41	+	<0.001	0,99079	overall effect of temperature on survival time (sign flipped to get mortality)	Raquel Colado
CC_0025	2017-2020	Terrestrial	Cave	Arthopoda	Hexapoda	Coleoptera	Leiodidae	Speonomus	longicornis	Troglobiont/Stygobiont	yes	Individuals kept at habitat temperature	yes	Temperature	Temperature	Survival over time	Mortality	log-rank test	χ² 	57,2000	3	39	+	<0.001	0,99454	overall effect of temperature on survival time (sign flipped to get mortality)	Raquel Colado
CC_0025	2017-2020	Terrestrial	Cave	Arthopoda	Hexapoda	Coleoptera	Leiodidae	Trapezodirus	arcticollis	Troglobiont/Stygobiont	yes	Individuals kept at habitat temperature	yes	Temperature	Temperature	Survival over time	Mortality	log-rank test	χ² 	20,5000	2	26	+	<0.001	0,97261	overall effect of temperature on survival time (sign flipped to get mortality)	Raquel Colado
CC_0025	2017-2020	Terrestrial	Cave	Arthopoda	Hexapoda	Coleoptera	Leiodidae	Troglocharinus	ferreri	Troglobiont/Stygobiont	yes	Individuals kept at habitat temperature	yes	Temperature	Temperature	Survival over time	Mortality	log-rank test	χ² 	47,5000	3	38	+	<0.001	0,99233	overall effect of temperature on survival time (sign flipped to get mortality)	Raquel Colado
CC_0025	2017-2020	Terrestrial	Cave	Arthopoda	Hexapoda	Coleoptera	Leiodidae	Troglocharinus	fonti	Troglobiont/Stygobiont	yes	Individuals kept at habitat temperature	yes	Temperature	Temperature	Survival over time	Mortality	log-rank test	χ² 	44,0000	3	36	+	<0.001	0,99158	overall effect of temperature on survival time (sign flipped to get mortality)	Raquel Colado
CC_0027	2018	Terrestrial	Cave	Arthopoda	Hexapoda	Coleoptera	Leiodidae	Parvospeonomus 	"canyellesi
"	Troglobiont/Stygobiont	yes	Individuals kept at mean annual temperature	yes	Temperature	Temperature	Survival over time	Mortality	log-rank test	χ² 	47,6000	3	40	+	<0.001	0,99193	overall effect of temperature on survival time (sign flipped to get mortality)	Raquel Colado
CC_0027	2018	Terrestrial	Cave	Arthopoda	Hexapoda	Coleoptera	Leiodidae	Parvospeonomus 	"canyellesi
"	Troglobiont/Stygobiont	yes	Individuals kept at mean annual temperature	yes	Heat stress	Temperature	Survival over time	Mortality	log-rank test	χ² 	0,4000	1	18	+	0,5	0,09656	overall effect of temperature on survival time (sign flipped to get mortality)	Raquel Colado
CC_0027	2018	Terrestrial	Cave	Arthopoda	Hexapoda	Coleoptera	Leiodidae	Parvospeonomus 	"canyellesi
"	Troglobiont/Stygobiont	yes	Individuals kept at mean annual temperature	yes	Temperature  	Temperature	Acetylcholinesterase	Gene/Protein expression	ANOVA	F	4,8100	10	10	+	0,037	0,83559	-	Raquel Colado
CC_0027	2018	Terrestrial	Cave	Arthopoda	Hexapoda	Coleoptera	Leiodidae	Parvospeonomus 	"canyellesi
"	Troglobiont/Stygobiont	yes	Individuals kept at mean annual temperature	yes	Temperature x Time	Temperature	Acetylcholinesterase	Gene/Protein expression	ANOVA	F	0,9730	10	10	+	0,333	0,29408	-	Raquel Colado
CC_0027	2018	Terrestrial	Cave	Arthopoda	Hexapoda	Coleoptera	Leiodidae	Parvospeonomus 	"canyellesi
"	Troglobiont/Stygobiont	yes	Individuals kept at mean annual temperature	yes	Temperature  	Temperature	Total antioxidant capacity	Gene/Protein expression	ANOVA	F	6,6320	10	10	+	0,014	0,90264	-	Raquel Colado
CC_0027	2018	Terrestrial	Cave	Arthopoda	Hexapoda	Coleoptera	Leiodidae	Parvospeonomus 	"canyellesi
"	Troglobiont/Stygobiont	yes	Individuals kept at mean annual temperature	yes	Temperature x Time	Temperature	Total antioxidant capacity	Gene/Protein expression	ANOVA	F	5,4990	10	10	+	0,025	0,86688	-	Raquel Colado
CC_0027	2018	Terrestrial	Cave	Arthopoda	Hexapoda	Coleoptera	Leiodidae	Parvospeonomus 	"canyellesi
"	Troglobiont/Stygobiont	yes	Individuals kept at mean annual temperature	yes	Temperature  	Temperature	Glutathione-S-transferase	Gene/Protein expression	ANOVA	F	7,6210	10	10	+	0,009	0,92364	-	Raquel Colado
CC_0027	2018	Terrestrial	Cave	Arthopoda	Hexapoda	Coleoptera	Leiodidae	Parvospeonomus 	"canyellesi
"	Troglobiont/Stygobiont	yes	Individuals kept at mean annual temperature	yes	Temperature x Time	Temperature	Glutathione-S-transferase	Gene/Protein expression	ANOVA	F	9,5840	10	10	+	0,004	0,94964	-	Raquel Colado
CC_0027	2018	Terrestrial	Cave	Arthopoda	Hexapoda	Coleoptera	Leiodidae	Parvospeonomus 	"canyellesi
"	Troglobiont/Stygobiont	yes	Individuals kept at mean annual temperature	yes	Temperature  	Temperature	Reduced:oxidized glutathione ratio	Gene/Protein expression	ANOVA	F	0,9270	10	10	+	0,344	0,28131	-	Raquel Colado
CC_0027	2018	Terrestrial	Cave	Arthopoda	Hexapoda	Coleoptera	Leiodidae	Parvospeonomus 	"canyellesi
"	Troglobiont/Stygobiont	yes	Individuals kept at mean annual temperature	yes	Temperature x Time	Temperature	Reduced:oxidized glutathione ratio	Gene/Protein expression	ANOVA	F	0,0250	10	10	+	0,876	0,00791	-	Raquel Colado
CC_0027	2018	Terrestrial	Cave	Arthopoda	Hexapoda	Coleoptera	Leiodidae	Parvospeonomus 	"canyellesi
"	Troglobiont/Stygobiont	yes	Individuals kept at mean annual temperature	yes	Temperature  	Temperature	Lipid peroxidation	Gene/Protein expression	ANOVA	F	5,4510	10	10	+	0,025	0,86498	-	Raquel Colado
CC_0027	2018	Terrestrial	Cave	Arthopoda	Hexapoda	Coleoptera	Leiodidae	Parvospeonomus 	"canyellesi
"	Troglobiont/Stygobiont	yes	Individuals kept at mean annual temperature	yes	Temperature x Time	Temperature	Lipid peroxidation	Gene/Protein expression	ANOVA	F	5,5030	10	10	+	0,025	0,86704	-	Raquel Colado
CC_0029	2017-2019	Terrestrial	Cave ; Forest litter	Arthopoda	Hexapoda	Coleoptera	Leiodidae	Bathysciola	rugosa	Troglophile/Stygophile	yes	Individuals kept at mean annual temperature	yes	Species*Acclimatation temperature	Temperature	Heat coma temperature (HCT)	Mortality	Post-hoc tests (with Bonferroni-adjusted P-values)	t	19,9530	NA	28	+	<0,001	0,96886		Raquel Colado
CC_0029	2017-2019	Terrestrial	Cave ; Forest litter	Arthopoda	Hexapoda	Coleoptera	Leiodidae	Speonomites	crypticola	Troglobiont/Stygobiont	yes	Individuals kept at mean annual temperature	yes	Species*Acclimatation temperature	Temperature	Heat coma temperature (HCT)	Mortality	Post-hoc tests (with Bonferroni-adjusted P-values)	t	1,6460	NA	33	+	0,615	0,28350		Raquel Colado
CC_0029	2017-2019	Terrestrial	Cave ; Forest litter	Arthopoda	Hexapoda	Coleoptera	Leiodidae	Speonomidius	crotchi	Troglobiont/Stygobiont	yes	Individuals kept at mean annual temperature	yes	Species*Acclimatation temperature	Temperature	Heat coma temperature (HCT)	Mortality	Post-hoc tests (with Bonferroni-adjusted P-values)	t	3,8860	NA	50	+	0,162	0,48920		Raquel Colado
CC_0030	2020	Terrestrial	Cave	Arthopoda	Arachnida	Pseudoscorpionida	Neobisiidae	Neobisium	vasconicum vasconicum	Troglobiont/Stygobiont	yes	Individuals kept at mean annual temperature	yes	Physiological upper thermal limit (PhUTL)	Temperature	Survival over time	Mortality	log-rank test	χ²	23,2000	3	8	+	<0.001	0,99539	-	Raquel Colado
CC_0033	2016	Terrestrial	Screes	Arthopoda	Hexapoda	Coleoptera	Leiodidae	Multiple	Multiple	Multiple	no	Not applicable	Not applicable	Temperature of the cave	Temperature	Temperature of the surface	Habitat shift	Regression	r2	0,6100	NA	27	+	<0.01	0,78102	Date inferred	Raquel Colado
CC_0033	2016	Terrestrial	Screes	Arthopoda	Hexapoda	Coleoptera	Leiodidae	Multiple	Multiple	Multiple	no	Not applicable	Not applicable	Mean Annual Temperatures (MAT) from LGM to current conditions	Temperature	Current mean annual temperature	Habitat shift	Regression	r2	0,1400	NA	83	+	<0.01	0,37417	Date inferred	Raquel Colado
CC_0036	2018-2019	Terrestrial	Screes	Arthopoda	Hexapoda	Collembola	Multiple	Multiple	Multiple	External	no	Not applicable	Not applicable	daily maximum temperature warm	Temperature	Abundance	Refugium effect	Pearson	r	-0,74	NA	19330	+	NA	0,74000	sign flipped ; N is abundance of warm periods	Raquel Colado
CC_0036	2018-2019	Terrestrial	Screes	Arthopoda	Hexapoda	Collembola	Multiple	Multiple	Multiple	External	no	Not applicable	Not applicable	mean temperature warm	Temperature	Abundance	Refugium effect	Pearson	r	-0,71	NA	19330	+	NA	0,71000	sign flipped ; N is abundance of warm periods	Raquel Colado
CC_0036	2018-2019	Terrestrial	Screes	Arthopoda	Hexapoda	Collembola	Multiple	Multiple	Multiple	Troglophile/Stygophile	no	Not applicable	Not applicable	daily maximum temperature warm	Temperature	Richness	Habitat availability	Pearson	r	0,82	NA	73	-	NA	-0,82000	sign flipped ; S is species richness of warm periods	Raquel Colado
CC_0036	2018-2019	Terrestrial	Screes	Arthopoda	Hexapoda	Collembola	Multiple	Multiple	Multiple	Troglophile/Stygophile	no	Not applicable	Not applicable	mean temperature warm	Temperature	Richness	Habitat availability	Pearson	r	0,86	NA	73	-	NA	-0,86000	sign flipped ; S is species richness of warm periods	Raquel Colado
CC_0036	2018-2019	Terrestrial	Screes	Arthopoda	Hexapoda	Collembola	Multiple	Multiple	Multiple	Troglophile/Stygophile	no	Not applicable	Not applicable	daily maximum temperature warm	Temperature	Abundance	Habitat availability	Pearson	r	-0,56	NA	19330	-	NA	0,56000	sign flipped ; N is abundance of warm periods	Raquel Colado
CC_0036	2018-2019	Terrestrial	Screes	Arthopoda	Hexapoda	Collembola	Multiple	Multiple	Multiple	Troglophile/Stygophile	no	Not applicable	Not applicable	mean temperature warm	Temperature	Abundance	Habitat availability	Pearson	r	-0,51	NA	19330	-	NA	0,51000	sign flipped ; N is abundance of warm periods	Raquel Colado
CC_0040	2018	Terrestrial	Subterranean generic	Arthopoda	Hexapoda	Diplopoda	Glomeridae	Glomeris 	spp.	Troglobiont/Stygobiont	yes	Individuals kept at mean annual temperature	Not applicable	Acclimation temperature	Temperature	Survival over time	Mortality	GLM (Poisson)	χ² 	14,496	3	12	+	0,002	0,97925	sign flipped	Raquel Colado
CC_0040	2018	Terrestrial	Subterranean generic	Arthopoda	Hexapoda	Collembola	Onychiuridae	Deuteraphorura	silvaria	Troglophile/Stygophile	yes	Individuals kept at mean annual temperature	Not applicable	Acclimation temperature	Temperature	Survival over time	Mortality	GLM (Poisson)	χ² 	12,645	1	12	+	<.001	0,96728	sign flipped	Raquel Colado
CC_0040	2018	Terrestrial	Subterranean generic	Arthopoda	Hexapoda	Coleoptera	Staphylinidae	Atheta	subcavicola	Troglophile/Stygophile	yes	Individuals kept at mean annual temperature	Not applicable	Acclimation temperature	Temperature	Survival over time	Mortality	GLM (Poisson)	χ² 	3,798	2	12	+	0,362	0,76849	sign flipped	Raquel Colado
CC_0046	2010	Aquatic	Cave ; Springs	Arthopoda	Malacostraca	Isopoda	Asellidae	Proasellus	valdensis Pv1	Troglobiont/Stygobiont	yes	Individuals kept at 10°C	yes	Temperature increase	Temperature	Locomotor activity	Locomotor activity	ANOVA	F	4,4	7	84	+	<0.001	0,85700	Date inferred	Raquel Colado
CC_0046	2010	Aquatic	Cave ; Springs	Arthopoda	Malacostraca	Isopoda	Asellidae	Proasellus	valdensis Pv2	Troglobiont/Stygobiont	yes	Individuals kept at 10°C	yes	Temperature increase	Temperature	Locomotor activity	Locomotor activity	ANOVA	F	4,3	6	70	-	<0.01	-0,86891	Date inferred	Raquel Colado
CC_0046	2010	Aquatic	Cave ; Springs	Arthopoda	Malacostraca	Isopoda	Asellidae	Proasellus	sp. 1	Troglobiont/Stygobiont	yes	Individuals kept at 10°C	yes	Temperature increase	Temperature	Locomotor activity	Locomotor activity	ANOVA	F	4,9	4	41	-	<0.01	-0,92585	Date inferred	Raquel Colado
CC_0046	2010	Aquatic	Cave ; Springs	Arthopoda	Malacostraca	Isopoda	Asellidae	Proasellus	sp. 2	Troglobiont/Stygobiont	yes	Individuals kept at 10°C	yes	Temperature increase	Temperature	Locomotor activity	Locomotor activity	ANOVA	F	6,1	6	42	-	<0.001	-0,92798	Date inferred	Raquel Colado
CC_0046	2010	Aquatic	Cave ; Springs	Arthopoda	Malacostraca	Isopoda	Asellidae	Proasellus	valdensis Pv1	Troglobiont/Stygobiont	yes	Individuals kept at 10°C	yes	Temperature increase	Temperature	Maximal phenoloxidase activity	Gene/Protein expression	ANOVA	F	1,6	7	80	+	>0.15	0,51748	Date inferred	Raquel Colado
CC_0046	2010	Aquatic	Cave ; Springs	Arthopoda	Malacostraca	Isopoda	Asellidae	Proasellus	valdensis Pv2	Troglobiont/Stygobiont	yes	Individuals kept at 10°C	yes	Temperature increase	Temperature	Maximal phenoloxidase activity	Gene/Protein expression	ANOVA	F	1	6	71	+	>0.44	0,37796	Date inferred	Raquel Colado
CC_0046	2010	Aquatic	Cave ; Springs	Arthopoda	Malacostraca	Isopoda	Asellidae	Proasellus	sp. 1	Troglobiont/Stygobiont	yes	Individuals kept at 10°C	yes	Temperature increase	Temperature	Maximal phenoloxidase activity	Gene/Protein expression	ANOVA	F	3,9	4	42	+	<0.01	0,88982	Date inferred	Raquel Colado
CC_0046	2010	Aquatic	Cave ; Springs	Arthopoda	Malacostraca	Isopoda	Asellidae	Proasellus	sp. 2	Troglobiont/Stygobiont	yes	Individuals kept at 10°C	yes	Temperature increase	Temperature	Maximal phenoloxidase activity	Gene/Protein expression	ANOVA	F	7,2	6	42	+	<0.001	0,94671	Date inferred	Raquel Colado
CC_0046	2010	Aquatic	Cave ; Springs	Arthopoda	Malacostraca	Isopoda	Asellidae	Proasellus	valdensis Pv1	Troglobiont/Stygobiont	yes	Individuals kept at 10°C	yes	Temperature increase	Temperature	total free amino acids	Gene/Protein expression	ANOVA	F	2	2	15	+	>0.16	0,81650	Date inferred	Raquel Colado
CC_0046	2010	Aquatic	Cave ; Springs	Arthopoda	Malacostraca	Isopoda	Asellidae	Proasellus	valdensis Pv2	Troglobiont/Stygobiont	yes	Individuals kept at 10°C	yes	Temperature increase	Temperature	total free amino acids	Gene/Protein expression	ANOVA	F	0,8	2	10	+	>0.45	0,49237	Date inferred	Raquel Colado
CC_0046	2010	Aquatic	Cave ; Springs	Arthopoda	Malacostraca	Isopoda	Asellidae	Proasellus	sp. 1	Troglobiont/Stygobiont	yes	Individuals kept at 10°C	yes	Temperature increase	Temperature	total free amino acids	Gene/Protein expression	T-test	t	3,1	1	10	-	<0.02	-0,73872	Date inferred	Raquel Colado
CC_0046	2010	Aquatic	Cave ; Springs	Arthopoda	Malacostraca	Isopoda	Asellidae	Proasellus	sp. 2	Troglobiont/Stygobiont	yes	Individuals kept at 10°C	yes	Temperature increase	Temperature	total free amino acids	Gene/Protein expression	ANOVA	F	28,3	2	10	-	<0.001	-0,99875	Date inferred	Raquel Colado
CC_0046	2010	Aquatic	Cave ; Springs	Arthopoda	Malacostraca	Isopoda	Asellidae	Proasellus	valdensis Pv1	Troglobiont/Stygobiont	yes	Individuals kept at 10°C	yes	Temperature increase	Temperature	total free sugars	Gene/Protein expression	ANOVA	F	13,9	2	15	-	<0.001	-0,99486	Date inferred	Raquel Colado
CC_0046	2010	Aquatic	Cave ; Springs	Arthopoda	Malacostraca	Isopoda	Asellidae	Proasellus	valdensis Pv2	Troglobiont/Stygobiont	yes	Individuals kept at 10°C	yes	Temperature increase	Temperature	total free sugars	Gene/Protein expression	ANOVA	F	5,1	2	10	-	<0.05	-0,96364	Date inferred	Raquel Colado
CC_0046	2010	Aquatic	Cave ; Springs	Arthopoda	Malacostraca	Isopoda	Asellidae	Proasellus	sp. 1	Troglobiont/Stygobiont	yes	Individuals kept at 10°C	yes	Temperature increase	Temperature	total free sugars	Gene/Protein expression	T-test	t	1,5	1	10	-	0,15	-0,46852	Date inferred	Raquel Colado
CC_0046	2010	Aquatic	Cave ; Springs	Arthopoda	Malacostraca	Isopoda	Asellidae	Proasellus	sp. 2	Troglobiont/Stygobiont	yes	Individuals kept at 10°C	yes	Temperature increase	Temperature	total free sugars	Gene/Protein expression	ANOVA	F	6,5	2	10	-	<0.05	-0,97714	Date inferred	Raquel Colado
CC_0052	2014	Terrestrial	Aquifers	Arthopoda	Crustacea	Copepoda	Cyclopidae	Eucyclops	serrulatus	External	yes	Individuals kept at stable conditions	yes	Combined effect: Temperature and toxicity to ammonia-N	Temperature	Survival rate	Mortality (Cumulative effects)	T-test	t	4,2042	2	10	+	0,02362	0,82971	-	Raquel Colado
CC_0052	2014	Terrestrial	Aquifers	Arthopoda	Crustacea	Copepoda	Cyclopidae	Eucyclops	serrulatus	External	yes	Individuals kept at stable conditions	yes	Combined effect: Temperature and toxicity to ammonia-N	Temperature	Survival rate	Mortality (Cumulative effects)	T-test	t	-0,4545	2	10	-	0,6797	0,15865	-	Raquel Colado
CC_0052	2014	Terrestrial	Aquifers	Arthopoda	Crustacea	Copepoda	Cyclopidae	Eucyclops	serrulatus	External	yes	Individuals kept at stable conditions	yes	Combined effect: Temperature and toxicity to ammonia-N	Temperature	Survival rate	Mortality (Cumulative effects)	T-test	t	0,2712	2	10	+	0,796	0,09545	-	Raquel Colado
CC_0052	2014	Terrestrial	Aquifers	Arthopoda	Crustacea	Copepoda	Cyclopidae	Eucyclops	serrulatus	External	yes	Individuals kept at stable conditions	yes	Combined effect: Temperature and toxicity to ammonia-N	Temperature	Survival rate	Mortality (Cumulative effects)	T-test	t	0,2873	2	10	+	0,788	0,10106	-	Raquel Colado
CC_0052	2014	Terrestrial	Aquifers	Arthopoda	Crustacea	Copepoda	Cyclopidae	Eucyclops	serrulatus	External	yes	Individuals kept at stable conditions	yes	Combined effect: Temperature and toxicity to ammonia-N	Temperature	Survival rate	Mortality (Cumulative effects)	T-test	t	1,9315	2	10	+	0,1151	0,56394	-	Raquel Colado
CC_0052	2014	Terrestrial	Aquifers	Arthopoda	Crustacea	Copepoda	Cyclopidae	Eucyclops	serrulatus	External	yes	Individuals kept at stable conditions	yes	Combined effect: Temperature and toxicity to ammonia-N	Temperature	Survival rate	Mortality (Cumulative effects)	T-test	t	-3,4598	2	10	-	0,01659	0,77421	-	Raquel Colado
CC_0056	2016	Terrestrial	Cave	Arthopoda	Hexapoda	Diptera	Culicidae	Aedes	cavaticus	External	no	Not applicable	Not applicable	Air temperature	Temperature	Species distibution External-Deep cave	Refugium effect	Spearman	rho	-0,12	NA	425	-	-0,12	-0,12000	Not fully clear. Possibly exclude	Raquel Colado
CC_0066	2008	Aquatic	Cave ; Springs	Chordata	Amphibia	Urodela	Plethondontidae	Eurycea 	tonkawae	Troglophile/Stygophile	no	Not applicable	Not applicable	Seasonal drought	Drought	Body size shrinkage	Morphology	ANCOVA	F	31,9	59	60	-	< 0.001	0,97221	interaction size * season	Raquel Colado
CC_0066	2008	Aquatic	Cave ; Springs	Chordata	Amphibia	Urodela	Plethondontidae	Eurycea 	tonkawae	Troglophile/Stygophile	no	Not applicable	Not applicable	Seasonal drought	Drought	Body size (Tail) shrinkage	Morphology	ANCOVA	F	3	59	60	-	0,09	0,36380	interaction size * season	Raquel Colado
CC_0067	2017	Aquatic	Porous aquifer	Arthopoda	Copepoda	Cyclopoida	Cyclopidae	Diacyclops 	belgicus	Troglobiont/Stygobiont	yes	Individuals kept at stable conditions	yes	Temperature increase	Temperature	Standard respiration rates	Metabolism	PERMANCOVA	Pseudo-F	1,82	36	36	-	0,1878	-0,29027	test with outliers 	Raquel Colado
CC_0067	2017	Aquatic	Porous aquifer	Arthopoda	Copepoda	Cyclopoida	Cyclopidae	Diacyclops 	belgicus	Troglobiont/Stygobiont	yes	Individuals kept at stable conditions	yes	Temperature increase	Temperature	Standard respiration rates	Metabolism	PERMANCOVA	Pseudo-F	3,77	33	33	-	0,0616	-0,54867	test without outliers 	Raquel Colado
CC_0076	1968-2012	Aquatic	Springs	Multiple	Multiple	Multiple	Multiple	Multiple	Multiple	Multiple	no	Not applicable	Not applicable	Warming rate	Temperature	Area of the parent aquifer	Habitat availability	LM	R²	0,1780	NA	66	-	0,007	-0,42190	-	Raquel Colado
CC_0076	1968-2012	Aquatic	Springs	Bryophytes	Multiple	Multiple	Multiple	Multiple	Multiple	External	no	Not applicable	Not applicable	Temperature increase	Temperature	richness (generalist species)	Refugium effect	GAM	R²	0,507	NA	66	+	< 0.001	0,71204	Direction of trend inferred from Figure 4	Raquel Colado
CC_0076	1968-2012	Aquatic	Springs	Macroinvertebrates	Multiple	Multiple	Multiple	Multiple	Multiple	External	no	Not applicable	Not applicable	Temperature increase	Temperature	richness (generalist species)	Refugium effect	GAM	R²	0,08	NA	66	+	< 0.001	0,28284	Direction of trend inferred from Figure 4	Raquel Colado
CC_0076	1968-2012	Aquatic	Springs	Bryophytes	Multiple	Multiple	Multiple	Multiple	Multiple	Troglophile/Stygophile	no	Not applicable	Not applicable	Temperature increase	Temperature	richness (specialists species)	Habitat availability	GAM	R²	0,238	NA	66	-	< 0.001	-0,48785	Direction of trend inferred from Figure 4	Raquel Colado
CC_0076	1968-2012	Aquatic	Springs	Macroinvertebrates	Multiple	Multiple	Multiple	Multiple	Multiple	Troglophile/Stygophile	no	Not applicable	Not applicable	Temperature increase	Temperature	richness (specialists species)	Habitat availability	GAM	R²	0,457	NA	66	-	< 0.001	-0,67602	Direction of trend inferred from Figure 4	Raquel Colado
CC_0077	NA	Aquatic	Aquifers	Arthopoda	Malacostraca	Multiple	Multiple	Multiple	Multiple	Troglobiont/Stygobiont	yes	Individuals kept at stable conditions	yes	NaCl dose (CC induced salinity increase)	Cumulative effects	Survival rate	Mortality (Cumulative effects)	GLM	R²	0,92	NA	12	+	< 0.001	0,95917	Extracted from Supporting information Table S1	Raquel Colado
CC_0094	2002-2005	Aquatic	Spring	Arthopoda	Hexapoda	Diptera	Chironominae	Multiple	Multiple	External	yes	control blocks	Not applicable	Temperature, Ammonia, Depth, TDS (total dissolved solids)	Cumulative effects	Chironomid abundance	Habitat availability	LM	R²	0,2830	6,113	120	+	<0.001	-0,53198	Sign flipped	Raquel Colado
CC_0243	2017	Terrestrial	Cave ; Crevices	Chordata	Mammalia	Chiroptera	Vespertilionidae	Eptesicus	fuscus	Troglophile/Stygophile	yes	individuals at high (saturate) humidity	yes	Humidity decrease	RH	torpid metabolic rates (TMR) 	Metabolism	GLMM	t-test	NA	NA	18	+	0,297	0,24700	-	David Sánchez-Fernandez
CC_0244	2017	Terrestrial	Cave ; Crevices	Chordata	Mammalia	Chiroptera	Vespertilionidae	Eptesicus	fuscus	Troglophile/Stygophile	yes	individuals at high (saturate) humidity	yes	Humidity decrease	RH	Rates of total evaporative water loss (TEWL)	Drought sensivity	GLMM	t-test	NA	NA	18	+	0,004	0,61700	-	David Sánchez-Fernandez
CC_0275	2018	Terrestrial	Cave	Chordata	Mammalia	Chiroptera	Emballonuridae	Rhynchonycteris 	naso	Troglophile/Stygophile	no	Not applicable	Not applicable	Daily mean temperature measured in roosts	Temperature	Proportion of bats that relocate to alternative sites within roosts	Locomotor activity	GLMM	z	3,0310	NA	80	+	0,002434	0,33888	-	Susana Pallarés
CC_0275	2018	Terrestrial	Cave	Chordata	Mammalia	Chiroptera	Emballonuridae	Rhynchonycteris 	naso	Troglophile/Stygophile	no	Not applicable	Not applicable	Daily maximum air temperature 	Temperature	Proportion of bats that relocate to alternative sites within roosts	Locomotor activity	GLMM	z	9,2690	NA	348	+	<0.001	0,49687	-	Susana Pallarés
CC_0275_R4	1990	Terrestrial	Cave	Chordata	Mammalia	Chiroptera	Emballonuridae	Peropteryx 	macrotis	Troglophile/Stygophile	no	Not applicable	Not applicable	Temperature	Temperature	Basal metabolic rate	Metabolism	ANOVA	F	95,4000	25	27	-	<0.001	-0,99863	Sign flipped because relationship is negative; species found in caves but close to the entrance	Susana Pallarés
CC_0275_R4	1991	Terrestrial	Cave	Chordata	Mammalia	Chiroptera	Natalidae	Natalus 	tumidirostris	Troglophile/Stygophile	no	Not applicable	Not applicable	Temperature	Temperature	Basal metabolic rate	Metabolism	ANOVA	F	149,2000	7	9	-	<0.001	-0,99984	Sign flipped because relationship is negative	Susana Pallarés
CC_0275_R6	1995	Terrestrial	Cave	Chordata	Mammalia	Chiroptera	Mormoopidae	Pteronotus	quadridens	Troglophile/Stygophile	no	Not applicable	Not applicable	Roost temperature	Temperature	Basal metabolic rate	Metabolism	Multiple regression	t	-5,9800	NA	67	-	<0.05	-0,59574	non-linear response: metabolic rate decreases with temperature until a point at which it stabilizes or slightly increases	Susana Pallarés
CC_0275_R6	1996	Terrestrial	Cave	Chordata	Mammalia	Chiroptera	Mormoopidae	Mormoops	blainvillii	Troglophile/Stygophile	no	Not applicable	Not applicable	Roost temperature	Temperature	Basal metabolic rate	Metabolism	Multiple regression	t	-5,1900	NA	52	-	<0.06	-0,59170	non-linear response: metabolic rate decreases with temperature until a point at which it stabilizes or slightly increases	Susana Pallarés
CC_0275_R6	1997	Terrestrial	Cave	Chordata	Mammalia	Chiroptera	Phyllostomidae	Monophyllus	redmani	Troglophile/Stygophile	no	Not applicable	Not applicable	Roost temperature	Temperature	Basal metabolic rate	Metabolism	Multiple regression	t	-5,2600	NA	39	-	<0.07	-0,65410	non-linear response: metabolic rate decreases with temperature until a point at which it stabilizes or slightly increases	Susana Pallarés
CC_0275_R6	1998	Terrestrial	Cave	Chordata	Mammalia	Chiroptera	Phyllostomidae	Erophylla	bombifrons	Troglophile/Stygophile	no	Not applicable	Not applicable	Roost temperature	Temperature	Basal metabolic rate	Metabolism	Multiple regression	t	-5,2100	NA	35	-	<0.08	-0,67180	non-linear response: metabolic rate decreases with temperature until a point at which it stabilizes or slightly increases	Susana Pallarés
CC_0350	2014-2015	Aquatic	Springs	Multiple	Multiple	Multiple	Multiple	Multiple	Multiple	Multiple	no	Not applicable	Not applicable	Flow permanence	Climate Change	Diversity	Habitat availability	GLMM	F	2,7100	118	115	-	>0,05	-0,24000	Sign flipped. Stats obtained in results section at page 5. The authors presented the GLMM results with the F statistics. ANOVA conversion formulas were used	Mattia Di Cicco
CC_0350	2014-2015	Aquatic	Springs	Multiple	Multiple	Multiple	Multiple	Multiple	Multiple	Multiple	no	Not applicable	Not applicable	Flow permanence	Climate Change	Abundance	Habitat availability	GLMM	F	78,5800	114	115	-	<0,001	-0,99000	Sign flipped. Stats obtained in results section at page 5. The authors presented the GLMM results with the F statistics. ANOVA conversion formulas were used	Mattia Di Cicco
CC_0350	2014-2015	Aquatic	Springs	Multiple	Multiple	Multiple	Multiple	Multiple	Multiple	Multiple	no	Not applicable	Not applicable	Flow permanence	Climate Change	Taxonomic richness	Habitat availability	GLMM	F	9,3000	114	115	-	<0,01	-0,65000	Sign flipped. Stats obtained in results section at page 5. The authors presented the GLMM results with the F statistics. ANOVA conversion formulas were used	Mattia Di Cicco
CC_0350	2014-2015	Aquatic	Springs	Multiple	Multiple	Multiple	Multiple	Multiple	Multiple	Multiple	no	Not applicable	Not applicable	Flow permanence	Climate Change	Channel stability	Habitat availability	GLMM	F	6,2400	114	115	-	>0,05	-0,50300	Sign flipped. Stats obtained in results section at page 5. The authors presented the GLMM results with the F statistics. ANOVA conversion formulas were used	Mattia Di Cicco
CC_0350	2014-2015	Aquatic	Springs	Multiple	Multiple	Multiple	Multiple	Multiple	Multiple	Multiple	no	Not applicable	Not applicable	Flow permanence	Climate Change	Diversity	Habitat availability	GLMM	r2	0,0280	118	115	-	>0,05	-0,16700	Sign flipped. Stats obtained in results section at page 5. The authors presented the GLMM results with the F statistics and a pseudo R squared value. For the same model two different conversions were made	Mattia Di Cicco
CC_0350	2014-2015	Aquatic	Springs	Multiple	Multiple	Multiple	Multiple	Multiple	Multiple	Multiple	no	Not applicable	Not applicable	Flow permanence	Climate Change	Abundance	Habitat availability	GLMM	r2	0,4100	114	115	-	<0,001	-0,64000	Sign flipped. Stats obtained in results section at page 5. The authors presented the GLMM results with the F statistics and a pseudo R squared value. For the same model two different conversions were made	Mattia Di Cicco
CC_0350	2014-2015	Aquatic	Springs	Multiple	Multiple	Multiple	Multiple	Multiple	Multiple	Multiple	no	Not applicable	Not applicable	Flow permanence	Climate Change	Taxonomic richness	Habitat availability	GLMM	r2	0,2100	114	115	-	<0,01	-0,46000	Sign flipped. Stats obtained in results section at page 5. The authors presented the GLMM results with the F statistics and a pseudo R squared value. For the same model two different conversions were made	Mattia Di Cicco
CC_0350	2014-2015	Aquatic	Springs	Multiple	Multiple	Multiple	Multiple	Multiple	Multiple	Multiple	no	Not applicable	Not applicable	Flow permanence	Climate Change	Channel stability	Habitat availability	GLMM	r2	0,0020	114	115	-	>0,05	-0,04500	Sign flipped. Stats obtained in results section at page 5. The authors presented the GLMM results with the F statistics and a pseudo R squared value. For the same model two different conversions were made	Mattia Di Cicco
CC_0354	1970-2005	Aquatic	Streams	Chordata	Pisces	Multiple	Multiple	Multiple	Multiple	External	no	Not applicable	Not applicable	Maximum Annual Air Temperature increase	Climate Change (Temperature)	Proportion of sites with cold water fishes	Habitat shift	MLR	beta and p value	-0,3900	NA	43	-	0,05	-0,29900	The authors were contacted at least to have the exact p-value for the beta. They didn't answer so i decided to adopt a cautelative approach and assume the p equal to 0.05. For the r estimation the package demtar was used	Mattia Di Cicco
CC_0354	1970-2005	Aquatic	Streams	Chordata	Pisces	Multiple	Multiple	Multiple	Multiple	External	no	Not applicable	Not applicable	Maximum Annual Air Temperature increase	Climate Change (Temperature)	Proportion of sites with warm water fishes	Habitat shift	MLR	beta and p value	0,4300	NA	43	+	0,05	0,29800	The authors were contacted at least to have the exact p-value for the beta. They didn't answer so i decided to adopt a cautelative approach and assume the p equal to 0.05. For the r estimation the package demtar was used	Mattia Di Cicco
CC_0354	1970-2005	Aquatic	Streams	Chordata	Pisces	Multiple	Multiple	Multiple	Multiple	External	no	Not applicable	Not applicable	Mean Annual Air Temperature increase	Climate Change (Temperature)	Proportion of sites with warm water fishes	Habitat shift	MLR	beta and p value	0,4500	NA	43	+	0,05	0,29800	The authors were contacted at least to have the exact p-value for the beta. They didn't answer so i decided to adopt a cautelative approach and assume the p equal to 0.05. For the r estimation the package demtar was used	Mattia Di Cicco
CC_0355	2020	Aquatic	Springs	Multiple	Multiple	Multiple	Multiple	Multiple	Multiple	Multiple	no	Not applicable	Not applicable	Mean annual temperature	Temperature	Bryophytes species richness	Habitat availability	GLM	z	-3,2250	NA	338	-	<0,01	-0,17500	z value calculated starting from beta and SE	Mattia Di Cicco
CC_0355	2020	Aquatic	Springs	Multiple	Multiple	Multiple	Multiple	Multiple	Multiple	Multiple	no	Not applicable	Not applicable	Mean annual temperature	Temperature	Mosses species richness	Habitat availability	GLM	z	-3,2180	NA	338	-	<0,01	-0,17500	z value calculated starting from beta and SE	Mattia Di Cicco
CC_0355	2020	Aquatic	Springs	Multiple	Multiple	Multiple	Multiple	Multiple	Multiple	Multiple	no	Not applicable	Not applicable	Mean annual temperature	Temperature	Bryophytes species richness	Habitat availability	Kendall correlation coefficent	tau	-0,2100	NA	338	-	<0,001	-0,32400	conversion formula from Lejeunesse et al 2013 	Mattia Di Cicco
CC_0355	2020	Aquatic	Springs	Multiple	Multiple	Multiple	Multiple	Multiple	Multiple	Multiple	no	Not applicable	Not applicable	Mean annual temperature	Temperature	Mosses species richness	Habitat availability	Kendall correlation coefficent	tau	-0,0600	NA	338	-	<0,001	-0,09500	conversion formula from Lejeunesse et al 2013 	Mattia Di Cicco
CC_0355	2020	Aquatic	Springs	Multiple	Multiple	Multiple	Multiple	Multiple	Multiple	Multiple	no	Not applicable	Not applicable	Mean annual temperature	Temperature	Rare Bryophytes species richness	Habitat availability	Kendall correlation coefficent	tau	-0,4700	NA	338	-	<0,001	-0,67000	conversion formula from Lejeunesse et al 2013 	Mattia Di Cicco
CC_0399	1970-2010	Aquatic	Aquifers ; Springs	Multiple	Multiple	Multiple	Multiple	Multiple	Multiple	Multiple	no	Not applicable	Not applicable	Climate Change generic	Climate Change	GW recharge	Habitat availability	LM	r2	0,8100	NA	766	-	NA	-0,90000	Sign flipped. Stats obtained from Figure 6a	Mattia Di Cicco
CC_0399	1970-2010	Aquatic	Aquifers ; Springs	Multiple	Multiple	Multiple	Multiple	Multiple	Multiple	Multiple	no	Not applicable	Not applicable	Climate Change generic	Climate Change	Revap (GW amount towards the soil)	Habitat availability	LM	r2	0,1200	NA	766	-	NA	-0,34000	Sign flipped. Stats obtained from Figure 6a	Mattia Di Cicco
CC_0411	1990-2001	Aquatic	Aquifers	Multiple	Multiple	Multiple	Multiple	Multiple	Multiple	Multiple	no	Not applicable	Not applicable	Climate Change generic	Climate Change	Nitrate concentration in saturated zone	Mortality (Cumulative effects)	Mean difference	Mean +/- SD	0,9791	NA	16	+	NA	0,44000	Mean and SD inferred through image analisis of figure 4. N was inferred because not clear in the text	Mattia Di Cicco
CC_0439	1961-1990; 2020	Aquatic	Aquifers	Multiple	Multiple	Multiple	Multiple	Multiple	Multiple	Multiple	yes	Baseline water recharge in 1961-1990	Not applicable	Gas emissions scenarios	Climate Change	Water recharge in Caltishall under 2020 high gas emission scenario	Habitat availability	T-test	t	-0,9560	NA	30	+	0,375	0,17800	Self-calculated; sign flipped	Elena Piano
CC_0439	1961-1990; 2050	Aquatic	Aquifers	Multiple	Multiple	Multiple	Multiple	Multiple	Multiple	Multiple	yes	Baseline water recharge in 1961-1990	Not applicable	Gas emissions scenarios	Climate Change	Water recharge in Caltishall under 2050 high gas emission scenario	Habitat availability	T-test	t	0,6990	NA	30	+	0,49	-0,13100	Self-calculated; sign flipped	Elena Piano
CC_0439	1961-1990; 2080	Aquatic	Aquifers	Multiple	Multiple	Multiple	Multiple	Multiple	Multiple	Multiple	yes	Baseline water recharge in 1961-1990	Not applicable	Gas emissions scenarios	Climate Change	Water recharge in Caltishall under 2080 high gas emission scenario	Habitat availability	T-test	t	1,5300	NA	30	+	0,136	-0,27800	Self-calculated; sign flipped	Elena Piano
CC_0439	1961-1990; 2020	Aquatic	Aquifers	Multiple	Multiple	Multiple	Multiple	Multiple	Multiple	Multiple	yes	Baseline water recharge in 1961-1990	Not applicable	Gas emissions scenarios	Climate Change	Water recharge in Gatwick under 2020 high gas emission scenario	Habitat availability	T-test	t	1,3500	NA	30	+	0,186	-0,24700	Self-calculated; sign flipped	Elena Piano
CC_0439	1961-1990; 2050	Aquatic	Aquifers	Multiple	Multiple	Multiple	Multiple	Multiple	Multiple	Multiple	yes	Baseline water recharge in 1961-1990	Not applicable	Gas emissions scenarios	Climate Change	Water recharge in Gatwick under 2050 high gas emission scenario	Habitat availability	T-test	t	2,0300	NA	30	+	0,051	-0,35800	Self-calculated; sign flipped	Elena Piano
CC_0439	1961-1990; 2080	Aquatic	Aquifers	Multiple	Multiple	Multiple	Multiple	Multiple	Multiple	Multiple	yes	Baseline water recharge in 1961-1990	Not applicable	Gas emissions scenarios	Climate Change	Water recharge in Gatwick under 2080 high gas emission scenario	Habitat availability	T-test	t	3,1900	NA	30	+	0,003	-0,51600	Self-calculated; sign flipped	Elena Piano
CC_0439	1961-1990; 2020	Aquatic	Aquifers	Multiple	Multiple	Multiple	Multiple	Multiple	Multiple	Multiple	yes	Baseline water recharge in 1961-1990	Not applicable	Gas emissions scenarios	Climate Change	Water recharge in Paisley under 2020 high gas emission scenario	Habitat availability	T-test	t	1,8000	NA	30	+	0,081	-0,32200	Self-calculated; sign flipped	Elena Piano
CC_0439	1961-1990; 2050	Aquatic	Aquifers	Multiple	Multiple	Multiple	Multiple	Multiple	Multiple	Multiple	yes	Baseline water recharge in 1961-1990	Not applicable	Gas emissions scenarios	Climate Change	Water recharge in Paisley under 2050 high gas emission scenario	Habitat availability	T-test	t	1,9000	NA	30	+	0,068	-0,33800	Self-calculated; sign flipped	Elena Piano
CC_0439	1961-1990; 2080	Aquatic	Aquifers	Multiple	Multiple	Multiple	Multiple	Multiple	Multiple	Multiple	yes	Baseline water recharge in 1961-1990	Not applicable	Gas emissions scenarios	Climate Change	Water recharge in Paisley under 2080 high gas emission scenario	Habitat availability	T-test	t	1,1200	NA	30	+	0,274	-0,20700	Self-calculated; sign flipped	Elena Piano
CC_0441	2003-2016	Aquatic	Aquifers	Multiple	Multiple	Multiple	Multiple	Multiple	Multiple	Multiple	no	Not applicable	Not applicable	Climate Change generic	Climate Change	Groundwater storage	Habitat availability	LM	r2	0,5670	NA	14	-	0,018	-0,75300	-	Elena Piano
CC_0442	1997-2011	Aquatic	Aquifers	Multiple	Multiple	Multiple	Multiple	Multiple	Multiple	Multiple	no	Not applicable	Not applicable	Exctintion Depth of Shallow Groundwater	Climate Change	Groundwater depth	Habitat availability	LM	t	-14,3000	NA	15	-	<0.001	-0,97000	Sign flipped; Values derived from a graph; Self-calculated	Elena Piano
CC_0457	1984-2004	Aquatic	Aquifers	Multiple	Multiple	Multiple	Multiple	Multiple	Multiple	Multiple	no	Not applicable	Not applicable	Climate Change generic	Climate Change	Groundwater level fluctuations - zone 1	Habitat availability	LM	t	-1,6800	NA	38	-	0,102	-0,27000	Values derived from a graph; Self-calculated	Elena Piano
CC_0457	1988-2004	Aquatic	Aquifers	Multiple	Multiple	Multiple	Multiple	Multiple	Multiple	Multiple	no	Not applicable	Not applicable	Climate Change generic	Climate Change	Groundwater level fluctuations - zone 2	Habitat availability	LM	t	-2,7800	NA	34	-	0,009	-0,44100	Values derived from a graph; Self-calculated	Elena Piano
CC_0457	1984-2004	Aquatic	Aquifers	Multiple	Multiple	Multiple	Multiple	Multiple	Multiple	Multiple	no	Not applicable	Not applicable	Climate Change generic	Climate Change	Groundwater level fluctuations - zone 3	Habitat availability	LM	t	-7,9200	NA	42	-	<0.001	-0,78100	Values derived from a graph; Self-calculated	Elena Piano
CC_0462	1995; 2080	Aquatic	Springs	Chordata	Amphibia	Caudata	Cryptobranchidae	Cryptobranchus	alleganiensis	External	yes	Spring influence on water temperature in 1995	Not applicable	Climate Change generic	Climate Change	Number of optimal growth days	Mortality	T-test	t	-3,2620	NA	21	-	0,004	-0,59900	Values derived from a graph; Self-calculated; sign flipped	Elena Piano
CC_0462	1995; 2080	Aquatic	Springs	Chordata	Actinopterygii	Perciformes	Centrarchidae	Micropterus	salmoides	External	yes	Spring influence on water temperature in 1995	Not applicable	Climate Change generic	Climate Change	Number of optimal growth days	Mortality	T-test	t	3,3380	NA	21	+	0,003	0,60800	Values derived from a graph; Self-calculated; sign flipped	Elena Piano
CC_0462	1995; 2080	Aquatic	Springs	Chordata	Actinopterygii	Perciformes	Centrarchidae	Micropterus	dolomieu	External	yes	Spring influence on water temperature in 1995	Not applicable	Climate Change generic	Climate Change	Number of optimal growth days	Mortality	T-test	t	2,1170	NA	21	+	0,047	0,43700	Values derived from a graph; Self-calculated; sign flipped	Elena Piano
CC_0469	1982-2005; 2030-2060	Aquatic	Aquifers	Multiple	Multiple	Multiple	Multiple	Multiple	Multiple	Multiple	yes	Retrospective mean monthly growundwater level (1982-2005)	Not applicable	Climate Change generic	Climate Change	Variation in mean monthly growundwater level (future 1 - model NWH-RMP-08s)	Habitat availability	T-test	t	-4,0620	NA	12	-	0,002	-0,78900	Values derived from a graph; Self-calculated; sign flipped	Elena Piano
CC_0469	1982-2005; 2070-2100	Aquatic	Aquifers	Multiple	Multiple	Multiple	Multiple	Multiple	Multiple	Multiple	yes	Retrospective mean monthly growundwater level (1982-2005)	Not applicable	Climate Change generic	Climate Change	Variation in mean monthly growundwater level (future 2 - model NWH-RMP-08s)	Habitat availability	T-test	t	-9,0000	NA	12	-	<0.001	-0,94300	Values derived from a graph; Self-calculated; sign flipped	Elena Piano
CC_0469	1982-2005; 2030-2060	Aquatic	Aquifers	Multiple	Multiple	Multiple	Multiple	Multiple	Multiple	Multiple	yes	Retrospective mean monthly growundwater level (1982-2005)	Not applicable	Climate Change generic	Climate Change	Variation in mean monthly growundwater level (future 1 - model CBR-SERW-s)	Habitat availability	T-test	t	-15,1220	NA	12	-	<0.001	-0,97900	Values derived from a graph; Self-calculated; sign flipped	Elena Piano
CC_0469	1982-2005; 2070-2100	Aquatic	Aquifers	Multiple	Multiple	Multiple	Multiple	Multiple	Multiple	Multiple	yes	Retrospective mean monthly growundwater level (1982-2005)	Not applicable	Climate Change generic	Climate Change	Variation in mean monthly growundwater level (future 2 - model CBR-SERW-s)	Habitat availability	T-test	t	-37,5230	NA	12	-	<0.001	-0,99600	Values derived from a graph; Self-calculated; sign flipped	Elena Piano
CC_0469	1982-2005; 2030-2060	Aquatic	Aquifers	Multiple	Multiple	Multiple	Multiple	Multiple	Multiple	Multiple	yes	Retrospective mean monthly growundwater level (1982-2005)	Not applicable	Climate Change generic	Climate Change	Variation in mean monthly growundwater level (future 1 - model STK-STARKEY-20s)	Habitat availability	T-test	t	-7,3400	NA	12	-	<0.001	-0,91800	Values derived from a graph; Self-calculated; sign flipped	Elena Piano
CC_0469	1982-2005; 2070-2100	Aquatic	Aquifers	Multiple	Multiple	Multiple	Multiple	Multiple	Multiple	Multiple	yes	Retrospective mean monthly growundwater level (1982-2005)	Not applicable	Climate Change generic	Climate Change	Variation in mean monthly growundwater level (future 2 - model STK-STARKEY-20s)	Habitat availability	T-test	t	-3,7300	NA	12	-	0,003	-0,76300	Values derived from a graph; Self-calculated; sign flipped	Elena Piano
CC_0475	1981-2016; 2080	Aquatic	Aquifers	Multiple	Multiple	Multiple	Multiple	Multiple	Multiple	Multiple	yes	Water level in 1988-2016	Not applicable	Climate Change generic	Climate Change	Groundwater level fluctuations - model 1	Habitat availability	T-test	t	-2,5480	NA	12	+	0,027	0,62700	Values derived from a graph; Self-calculated; sign flipped	Elena Piano
CC_0475	1981-2016; 2080	Aquatic	Aquifers	Multiple	Multiple	Multiple	Multiple	Multiple	Multiple	Multiple	yes	Water level in 1988-2016	Not applicable	Climate Change generic	Climate Change	Groundwater level fluctuations - model 2	Habitat availability	T-test	t	6,6280	NA	12	-	< 0.001	-0,90300	Values derived from a graph; Self-calculated; sign flipped	Elena Piano
CC_0475	1981-2016; 2080	Aquatic	Aquifers	Multiple	Multiple	Multiple	Multiple	Multiple	Multiple	Multiple	yes	Water level in 1988-2016	Not applicable	Climate Change generic	Climate Change	Groundwater level fluctuations - model 3	Habitat availability	T-test	t	1,0230	NA	12	-	0,328	-0,30800	Values derived from a graph; Self-calculated; sign flipped	Elena Piano
CC_0475	1981-2016; 2080	Aquatic	Aquifers	Multiple	Multiple	Multiple	Multiple	Multiple	Multiple	Multiple	yes	Water level in 1988-2016	Not applicable	Climate Change generic	Climate Change	Groundwater level fluctuations - model 4	Habitat availability	T-test	t	-13,9510	NA	12	-	< 0.001	-0,97500	Values derived from a graph; Self-calculated; sign flipped	Elena Piano
CC_0475	1981-2016; 2080	Aquatic	Aquifers	Multiple	Multiple	Multiple	Multiple	Multiple	Multiple	Multiple	yes	Water level in 1988-2016	Not applicable	Climate Change generic	Climate Change	Groundwater level fluctuations - model 5	Habitat availability	T-test	t	-5,5620	NA	12	-	< 0.001	-0,86900	Values derived from a graph; Self-calculated; sign flipped	Elena Piano
CC_0488	1980-2013	Aquatic	Springs	Multiple	Multiple	Multiple	Multiple	Multiple	Multiple	Multiple	yes	Groundwater temperature in 1980-2013	Not applicable	Climate Change generic	Temperature	Land Surface Shift +1.5° C	Habitat availability	T-test	t	-7,1100	NA	11	-	< 0.001	-0,92100	Values derived from a graph; Self-calculated	Elena Piano
CC_0488	1980-2013	Aquatic	Springs	Multiple	Multiple	Multiple	Multiple	Multiple	Multiple	Multiple	yes	Groundwater temperature in 1980-2013	Not applicable	Climate Change generic	Temperature	Recharge Shift +3° C	Habitat availability	T-test	t	-9,3030	NA	11	-	< 0.001	-0,95200	Values derived from a graph; Self-calculated	Elena Piano
CC_0488	1980-2013	Aquatic	Springs	Multiple	Multiple	Multiple	Multiple	Multiple	Multiple	Multiple	yes	Groundwater temperature in 1980-2013	Not applicable	Climate Change generic	Temperature	Land Surface Shift +1.5° C & Recharge Shift +3° C	Habitat availability	T-test	t	-21,4480	NA	11	-	< 0.001	-0,99000	Values derived from a graph; Self-calculated	Elena Piano
CC_0492	2002-2020	Aquatic	Aquifers	Multiple	Multiple	Multiple	Multiple	Multiple	Multiple	Multiple	no	Not applicable	Not applicable	Climate Change generic	Climate Change	Groundwater thickness	Habitat availability	Mann Kendall trend test	t	-0,2600	NA	216	-	< 0.05	-0,01800	-	Elena Piano
CC_0507	2018-2019	Aquatic	Aquifers	Bacteria	Multiple	Multiple	Multiple	Multiple	Multiple	Troglobiont/Stygobiont	yes	Extraction site upstream from injection site	Not applicable	Temperature increase + 75°C  measured at 7.5 m bgs U01 well	Temperature	Diversity	Mortality	Friedmans	chi2	19,7800	3	32	+	0,00019	0,96488	Sign flipped	Melissa Meierhofer
CC_0507	2018-2019	Aquatic	Aquifers	Bacteria	Multiple	Multiple	Multiple	Multiple	Multiple	Troglobiont/Stygobiont	yes	Extraction site upstream from injection site	Not applicable	Temperature increase + 75°C  measured at 10.5 m bgs U01 well	Temperature	Diversity	Mortality	Friedmans	chi2	6,4400	4	32	+	0,17	0,77264	Sign flipped	Melissa Meierhofer
CC_0507	2018-2019	Aquatic	Aquifers	Bacteria	Multiple	Multiple	Multiple	Multiple	Multiple	Troglobiont/Stygobiont	yes	Extraction site upstream from injection site	Not applicable	Temperature increase + 75°C  measured at 7.5 m bgs D09 well	Temperature	Diversity	Mortality	Friedmans	chi2	7,6400	3	32	+	0,054	0,81736	Sign flipped	Melissa Meierhofer
CC_0507	2018-2019	Aquatic	Aquifers	Bacteria	Multiple	Multiple	Multiple	Multiple	Multiple	Troglobiont/Stygobiont	yes	Extraction site upstream from injection site	Not applicable	Temperature increase + 75°C  measured at 10.5 m bgs D09 well	Temperature	Diversity	Mortality	Friedmans	chi2	30,7400	4	32	+	<0.0001	0,98551	Sign flipped	Melissa Meierhofer
CC_0507	2018-2019	Aquatic	Aquifers	Bacteria	Multiple	Multiple	Multiple	Multiple	Multiple	Troglobiont/Stygobiont	yes	Extraction site upstream from injection site	Not applicable	Temperature increase + 75°C  measured at 10.5 m bgs U15 well	Temperature	Diversity	Mortality	Friedmans	chi2	34,9600	4	32	+	<0.0001	0,98874	Sign flipped	Melissa Meierhofer
CC_0507	2018-2019	Aquatic	Aquifers	Bacteria	Multiple	Multiple	Multiple	Multiple	Multiple	Troglobiont/Stygobiont	yes	Extraction site upstream from injection site	Not applicable	Temperature increase + 75°C  measured at 10.5 m bgs U07 well	Temperature	Diversity	Mortality	Friedmans	chi2	26,9800	2	32	+	<0.0001	0,98001	Sign flipped	Melissa Meierhofer
CC_0507	2018-2019	Aquatic	Aquifers	Bacteria	Multiple	Multiple	Multiple	Multiple	Multiple	Troglobiont/Stygobiont	yes	Extraction site upstream from injection site	Not applicable	Temperature increase + 75°C  measured at 10.5 m bgs C10 well	Temperature	Diversity	Mortality	Friedmans	chi2	34,2600	2	32	+	<0.0001	0,98746	Sign flipped	Melissa Meierhofer
CC_0507	2018-2019	Aquatic	Aquifers	Bacteria	Multiple	Multiple	Multiple	Multiple	Multiple	Troglobiont/Stygobiont	yes	Extraction site upstream from injection site	Not applicable	Temperature increase + 75°C 	Temperature	Diversity	Mortality	Shannon	Shannon index	0,1700	NA	32	+	0,11	0,17000	Sign flipped	Melissa Meierhofer
CC_0507	2018-2019	Aquatic	Aquifers	Bacteria	Multiple	Multiple	Multiple	Multiple	Multiple	Troglobiont/Stygobiont	yes	Extraction site upstream from injection site	Not applicable	Temperature increase + 75°C 	Temperature	Bacterial cell abundance	Abundance	Shannon	Shannon index	0,1400	NA	32	+	0,18	0,14000	-	Melissa Meierhofer
CC_0507	2018-2019	Aquatic	Aquifers	Bacteria	Multiple	Multiple	Multiple	Multiple	Multiple	Troglobiont/Stygobiont	yes	Extraction site upstream from injection site	Not applicable	Temperature increase + 75°C U01 well	Temperature	Bacterial cell abundance	Abundance	Shapiro	r2	0,6800	NA	32	+	NA	0,82462	-	Melissa Meierhofer
CC_0507	2018-2019	Aquatic	Aquifers	Bacteria	Multiple	Multiple	Multiple	Multiple	Multiple	Troglobiont/Stygobiont	yes	Extraction site upstream from injection site	Not applicable	Temperature increase + 75°C measured at 10.5 m bgs U01 well	Temperature	Bacterial cell abundance	Abundance	Shapiro	r2	0,4800	NA	32	+	NA	0,69282	-	Melissa Meierhofer
CC_0507	2018-2019	Aquatic	Aquifers	Bacteria	Multiple	Multiple	Multiple	Multiple	Multiple	Troglobiont/Stygobiont	yes	Extraction site upstream from injection site	Not applicable	Temperature increase + 75°C measured at 13.5 m bgs U01 well	Temperature	Bacterial cell abundance	Abundance	Shapiro	r2	1,0000	NA	32	+	NA	1,00000	Sic!	Melissa Meierhofer
CC_0507	2018-2019	Aquatic	Aquifers	Bacteria	Multiple	Multiple	Multiple	Multiple	Multiple	Troglobiont/Stygobiont	yes	Extraction site upstream from injection site	Not applicable	Temperature increase + 75°C measured at 7.5 m bgs D09 well	Temperature	Bacterial cell abundance	Abundance	Shapiro	r2	0,2300	NA	32	+	NA	0,47958	-	Melissa Meierhofer
CC_0507	2018-2019	Aquatic	Aquifers	Bacteria	Multiple	Multiple	Multiple	Multiple	Multiple	Troglobiont/Stygobiont	yes	Extraction site upstream from injection site	Not applicable	Temperature increase + 75°C measured at 10.5 m bgs D09 well	Temperature	Bacterial cell abundance	Abundance	Shapiro	r2	0,0300	NA	32	+	NA	0,17321	-	Melissa Meierhofer
CC_0507	2018-2019	Aquatic	Aquifers	Bacteria	Multiple	Multiple	Multiple	Multiple	Multiple	Troglobiont/Stygobiont	yes	Extraction site upstream from injection site	Not applicable	Temperature increase + 75°C measured at 13.5 m bgs D09 well	Temperature	Bacterial cell abundance	Abundance	Shapiro	r2	0,3400	NA	32	-	NA	-0,58310	Sign flipped ; decrease in cells	Melissa Meierhofer
CC_0585	2007	Aquatic	Hyporheic	Arthopoda	Multiple	Multiple	Multiple	Multiple	Multiple	External	yes	Surface river	Not applicable	Drought	Drought	Abundance	Refugium effect	ANOVA	F	0,3920	18	20	-	0,543	0,09200	neutral ; estimated N as none was given (1, 18) ; dry, low, and wet sites 	Melissa Meierhofer
CC_0586	2006	Aquatic	Hyporheic	Arthopoda	Malacostraca	Amphipoda	Gammaridae	Gammarus	pulex	External	yes	Surface river	Not applicable	Drought	Drought	Abundance	Refugium effect	RM-ANOVA	F	21,6800	280	280	+	<0.001	0,79163	10 samples collected across 7 months at 4 sites = n ; sites with different water flow	Melissa Meierhofer
CC_0586	2006	Aquatic	Hyporheic	Arthopoda	Multiple	Multiple	Multiple	Multiple	Multiple	External ; Troglophile/Stygophile	yes	Surface river	Not applicable	Drought	Drought	Abundance	Habitat availability	RM-ANOVA	F	0,0060	70	70	-	0,944	0,00072	neutral ; not sure about sample size (1, 69)  ; sites with different water flow	Melissa Meierhofer
Reference_1	2016-2017	Terrestrial	Cave	Arthopoda	Hexapoda	Collembola	Multiple	Multiple	Multiple	Troglobiont/Stygobiont	yes	non-adapted species	yes	LDh50	Temperature	Survival of Adapted vs non adapted	Mortality	ANOVA	F	3,6500	16	17	+	0,042	0,67405	-	Raquel Colado
Reference_2	NA	Aquatic	Aquifer	Arthropoda	Malacostraca	Amphipoda	Niphargidae	Niphargus	rhenorhodanensis	Troglobiont/Stygobiont	yes	Individuals kept at the temperature of the collection site	yes	Temperature	Temperature increase	Survival time (days)	Mortality	ANOVA	Mean +/- SD	NA	NA	30	-	<0,05	-1,00000	Data had SE. I computed the standard deviation by multiplying SE by the square root of the sample size. I added a dummy varaible +1 as SE for survival. This is necessary to retain the baseline at 11 °C. 	Tiziana Di Lorenzo
Reference_2	NA	Aquatic	Aquifer	Arthropoda	Malacostraca	Amphipoda	Niphargidae	Niphargus	rhenorhodanensis	Troglobiont/Stygobiont	yes	Individuals kept at the temperature of the collection site	yes	Temperature	Temperature increase	Oxygen consumption rate at the temperature of the collection site 	Metabolism	ANOVA	Mean +/- SD	NA	NA	30	-	<0,05	-1,00000	Data had SE. I computed the standard deviation by multiplying SE by the square root of the sample size. I added a dummy varaible +1 as SE for survival. This is necessary to retain the baseline at 11 °C. 	Tiziana Di Lorenzo
Reference_2	NA	Aquatic	Aquifer	Arthropoda	Malacostraca	Amphipoda	Niphargidae	Niphargus	rhenorhodanensis	Troglobiont/Stygobiont	yes	Individuals kept at the temperature of the collection site	yes	Temperature	Temperature increase	Pleopod beats at the temperature of the collection site 	Metabolism	ANOVA	Mean +/- SD	NA	NA	30	+	<0,05	1,00000	Data had SE. I computed the standard deviation by multiplying SE by the square root of the sample size. I added a dummy varaible +1 as SE for survival. This is necessary to retain the baseline at 11 °C. 	Tiziana Di Lorenzo
Reference_2	NA	Aquatic	Aquifer	Arthropoda	Malacostraca	Amphipoda	Niphargidae	Niphargus	rhenorhodanensis	Troglobiont/Stygobiont	yes	Individuals kept at the temperature of the collection site	yes	Temperature	Temperature increase	Locomotor activity at the temperature of the collection site 	Behavioural 	ANOVA	Mean +/- SD	NA	NA	30	-	<0,05	-1,00000	Data had SE. I computed the standard deviation by multiplying SE by the square root of the sample size. I added a dummy varaible +1 as SE for survival. This is necessary to retain the baseline at 11 °C. 	Tiziana Di Lorenzo
Reference_2	NA	Aquatic	Aquifer; Springs	Arthropoda	Malacostraca	Amphipoda	Niphargidae	Niphargus	virei	Troglobiont/Stygobiont	yes	Individuals kept at the temperature of the collection site	yes	Temperature	Temperature increase	Survival time (days)	Mortality	ANOVA	Mean +/- SD	NA	NA	30	-	<0,05	-1,00000	Data had SE. I computed the standard deviation by multiplying SE by the square root of the sample size. I added a dummy varaible +1 as SE for survival. This is necessary to retain the baseline at 11 °C. 	Tiziana Di Lorenzo
Reference_2	NA	Aquatic	Aquifer; Springs	Arthropoda	Malacostraca	Amphipoda	Niphargidae	Niphargus	virei	Troglobiont/Stygobiont	yes	Individuals kept at the temperature of the collection site	yes	Temperature	Temperature increase	Oxygen consumption rate at the temperature of the collection site 	Metabolism	ANOVA	Mean +/- SD	NA	NA	30	-	<0,05	-1,00000	Data had SE. I computed the standard deviation by multiplying SE by the square root of the sample size. I added a dummy varaible +1 as SE for survival. This is necessary to retain the baseline at 11 °C. 	Tiziana Di Lorenzo
Reference_2	NA	Aquatic	Aquifer; Springs	Arthropoda	Malacostraca	Amphipoda	Niphargidae	Niphargus	virei	Troglobiont/Stygobiont	yes	Individuals kept at the temperature of the collection site	yes	Temperature	Temperature increase	Pleopod beats at the temperature of the collection site 	Metabolism	ANOVA	Mean +/- SD	NA	NA	30	-	<0,05	-1,00000	Data had SE. I computed the standard deviation by multiplying SE by the square root of the sample size. I added a dummy varaible +1 as SE for survival. This is necessary to retain the baseline at 11 °C. 	Tiziana Di Lorenzo
Reference_2	NA	Aquatic	Aquifer; Springs	Arthropoda	Malacostraca	Amphipoda	Niphargidae	Niphargus	virei	Troglobiont/Stygobiont	yes	Individuals kept at the temperature of the collection site	yes	Temperature	Temperature increase	Locomotor activity at the temperature of the collection site 	Behavioural 	ANOVA	Mean +/- SD	NA	NA	30	-	<0,05	-1,00000	Data had SE. I computed the standard deviation by multiplying SE by the square root of the sample size. I added a dummy varaible +1 as SE for survival. This is necessary to retain the baseline at 11 °C. 	Tiziana Di Lorenzo
Reference_2	NA	Aquatic	Streams	Arthropoda	Malacostraca	Amphipoda	Gammaridae	Gammarus	fossarum	External	yes	Individuals kept at the temperature of the collection site	yes	Temperature	Temperature increase	Survival time (days)	Mortality	ANOVA	Mean +/- SD	NA	NA	30	-	<0,05	-1,00000	Data had SE. I computed the standard deviation by multiplying SE by the square root of the sample size. I added a dummy varaible +1 as SE for survival. This is necessary to retain the baseline at 11 °C. 	Tiziana Di Lorenzo
Reference_2	NA	Aquatic	Streams	Arthropoda	Malacostraca	Amphipoda	Gammaridae	Gammarus	fossarum	External	yes	Individuals kept at the temperature of the collection site	yes	Temperature	Temperature increase	Oxygen consumption rate at the temperature of the collection site 	Metabolism	ANOVA	Mean +/- SD	NA	NA	30	+	<0,05	1,00000	Data had SE. I computed the standard deviation by multiplying SE by the square root of the sample size. I added a dummy varaible +1 as SE for survival. This is necessary to retain the baseline at 11 °C. 	Tiziana Di Lorenzo
Reference_2	NA	Aquatic	Streams	Arthropoda	Malacostraca	Amphipoda	Gammaridae	Gammarus	fossarum	External	yes	Individuals kept at the temperature of the collection site	yes	Temperature	Temperature increase	Pleopod beats at the temperature of the collection site 	Metabolism	ANOVA	Mean +/- SD	NA	NA	30	+	<0,05	1,00000	Data had SE. I computed the standard deviation by multiplying SE by the square root of the sample size. I added a dummy varaible +1 as SE for survival. This is necessary to retain the baseline at 11 °C. 	Tiziana Di Lorenzo
Reference_2	NA	Aquatic	Streams	Arthropoda	Malacostraca	Amphipoda	Gammaridae	Gammarus	fossarum	External	yes	Individuals kept at the temperature of the collection site	yes	Temperature	Temperature increase	Locomotor activity at the temperature of the collection site 	Behavioural 	ANOVA	Mean +/- SD	NA	NA	30	+	<0,05	1,00000	Data had SE. I computed the standard deviation by multiplying SE by the square root of the sample size. I added a dummy varaible +1 as SE for survival. This is necessary to retain the baseline at 11 °C. 	Tiziana Di Lorenzo
Reference_3	2011-2012	Aquatic	Aquifer	Arthropoda	Malacostraca	Amphipoda	Niphargidae	Niphargus	inopinatus	Troglobiont/Stygobiont	yes	Individuals kept at the temperature of the collection site	Not applicable	Temperature 	Heat shock	Dopanine production after heat shock 	Gene/Protein expression	Kruskal-Wallis rank sum test	Chi-2	5,7084	2	10	-	0,05776	1,00000	Data sent by first author upon request 	Tiziana Di Lorenzo
Reference_3	2011-2012	Aquatic	Aquifer	Arthropoda	Malacostraca	Amphipoda	Niphargidae	Niphargus	inopinatus	Troglobiont/Stygobiont	yes	Individuals kept at the temperature of the collection site	Not applicable	Temperature 	Heat shock	Noradrenaline production after heat shock 	Gene/Protein expression	Kruskal-Wallis rank sum test	Chi-2	2,8952	2	10	-	0,2351	1,00000	Data sent by first author upon request 	Tiziana Di Lorenzo
Reference_3	2011-2012	Aquatic	Aquifer	Arthropoda	Malacostraca	Amphipoda	Niphargidae	Niphargus	inopinatus	Troglobiont/Stygobiont	yes	Individuals kept at the temperature of the collection site	Not applicable	Temperature 	Heat shock	Adrenaline production after heat shock 	Gene/Protein expression	Kruskal-Wallis rank sum test	Chi-2	3,8134	2	10	+	0,1486	1,00000	Data sent by first author upon request 	Tiziana Di Lorenzo
Reference_3	2011-2012	Aquatic	Aquifer	Arthropoda	Malacostraca	Amphipoda	Gammaridae	Gammarus	pulex	External	yes	Individuals kept at the temperature of the collection site	Not applicable	Temperature 	Heat shock	Noradrenaline production after heat shock 	Gene/Protein expression	Kruskal-Wallis rank sum test	Chi-2	11,9496	2	10	+	0,00242	1,00000	Data sent by first author upon request 	Tiziana Di Lorenzo
Reference_3	2011-2012	Aquatic	Aquifer	Arthropoda	Malacostraca	Amphipoda	Gammaridae	Gammarus	pulex	External	yes	Individuals kept at the temperature of the collection site	Not applicable	Temperature 	Heat shock	Noradrenaline production after heat shock 	Gene/Protein expression	Wilcox.test	W	5	NA	10	+	0,001253	NA	Data sent by first author upon request 	Tiziana Di Lorenzo
Reference_3	2011-2012	Aquatic	Aquifer	Arthropoda	Malacostraca	Amphipoda	Gammaridae	Gammarus	pulex	External	yes	Individuals kept at the temperature of the collection site	Not applicable	Temperature 	Heat shock	Noradrenaline production after heat shock 	Gene/Protein expression	Wilcox.test	W	24	NA	10	+	0,09272	NA	Data sent by first author upon request 	Tiziana Di Lorenzo
Reference_3	2011-2012	Aquatic	Aquifer	Arthropoda	Malacostraca	Amphipoda	Gammaridae	Gammarus	pulex	External	yes	Individuals kept at the temperature of the collection site	Not applicable	Temperature 	Heat shock	Dopanine production after heat shock 	Gene/Protein expression	Kruskal-Wallis rank sum test	Chi-2	1,0675	2	10	?	0,5864	1,00000	Data sent by first author upon request 	Tiziana Di Lorenzo
Reference_3	2011-2012	Aquatic	Aquifer	Arthropoda	Malacostraca	Amphipoda	Gammaridae	Gammarus	pulex	External	yes	Individuals kept at the temperature of the collection site	Not applicable	Temperature 	Heat shock	Adrenaline production after heat shock 	Gene/Protein expression	Kruskal-Wallis rank sum test	Chi-2	0,8035	2	10	?	0,6691	1,00000	Data sent by first author upon request 	Tiziana Di Lorenzo
Test_00001	2018	Aquatic	Springs	Arthopoda	Malacostraca	Amphipoda	Gammaridae	Gammarus	minus	Troglophile/Stygophile	yes	Individuals kept at stable conditions	yes	Habitat drying	Drought	Burrowing	Behavior	log-likelihood	Chi-2	147,6000	4	479	+	<0,01	0,55500	-	Stefano Mammola
Test_00001	2018	Aquatic	Springs	Arthopoda	Malacostraca	Amphipoda	Crangonyctidae	Crangonyx	shoemakeri	Troglophile/Stygophile	yes	Individuals kept at stable conditions	yes	Habitat drying	Drought	Burrowing	Behavior	log-likelihood	Chi-2	198,9000	4	507	+	<0,01	0,62500	-	Stefano Mammola
Test_00001	2018	Aquatic	Springs	Arthopoda	Malacostraca	Amphipoda	Crangonyctidae	Stygobromus	tenuis potomacus	Troglophile/Stygophile	yes	Individuals kept at stable conditions	yes	Habitat drying	Drought	Burrowing	Behavior	log-likelihood	Chi-2	70,4000	4	357	+	<0,01	0,44300	-	Stefano Mammola
Test_00001	2018	Aquatic	Springs	Arthopoda	Malacostraca	Amphipoda	Multiple	Multiple	Multiple	Troglophile/Stygophile	yes	Individuals kept at stable conditions	yes	Habitat drying	Drought	Burrowing	Behavior	log-likelihood	Chi-2	70,0000	10	387	+	<0,01	0,42500	-	Stefano Mammola
Test_00003	2019	Aquatic	Calcrete	Arthopoda	Hexapoda	Coleoptera	Dytiscidae	Paroster	macrosturtensis	Troglobiont/Stygobiont	yes	Surface dytiscidae (Allodessus bistrigatus)	no	CTmax	Temperature	Survival over time	Mortality	ANCOVA	F	12,4060	29	29	+	<0,001	0,91731	only p-values in the paper, estimates provided by email	Stefano Mammola
Test_00003	2019	Aquatic	Calcrete	Arthopoda	Hexapoda	Coleoptera	Dytiscidae	Paroster	mesosturtensis	Troglobiont/Stygobiont	yes	Surface dytiscidae (Allodessus bistrigatus)	no	CTmax	Temperature	Survival over time	Mortality	ANCOVA	F	10,6300	29	29	+	<0,001	0,89206	only p-values in the paper, estimates provided by email	Stefano Mammola
Test_00003	2019	Aquatic	Calcrete	Arthopoda	Hexapoda	Coleoptera	Dytiscidae	Paroster	macrosturtensis	Troglobiont/Stygobiont	yes	Surface dytiscidae (Limbodessus amabilis)	no	CTmax	Temperature	Survival over time	Mortality	ANCOVA	F	12,0310	29	29	+	<0,001	0,91274	only p-values in the paper, estimates provided by email	Stefano Mammola
Test_00003	2019	Aquatic	Calcrete	Arthopoda	Hexapoda	Coleoptera	Dytiscidae	Paroster	mesosturtensis	Troglobiont/Stygobiont	yes	Surface dytiscidae (Limbodessus amabilis)	no	CTmax	Temperature	Survival over time	Mortality	ANCOVA	F	9,5570	29	29	+	<0,001	0,87121	only p-values in the paper, estimates provided by email	Stefano Mammola
Test_00003	2019	Aquatic	Calcrete	Arthopoda	Hexapoda	Coleoptera	Dytiscidae	Paroster	macrosturtensis	Troglobiont/Stygobiont	yes	Surface dytiscidae (Paroster nigroadumbratus)	no	CTmax	Temperature	Survival over time	Mortality	ANCOVA	F	17,9080	29	29	+	<0,001	0,95764	only p-values in the paper, estimates provided by email	Stefano Mammola
Test_00003	2019	Aquatic	Calcrete	Arthopoda	Hexapoda	Coleoptera	Dytiscidae	Paroster	mesosturtensis	Troglobiont/Stygobiont	yes	Surface dytiscidae (Paroster nigroadumbratus)	no	CTmax	Temperature	Survival over time	Mortality	ANCOVA	F	14,3600	29	29	+	<0,001	0,93633	only p-values in the paper, estimates provided by email	Stefano Mammola
Test_00005	2012-2013	Terrestrial	Cave	Arthopoda	Hexapoda	Coleoptera	Carabidae	Sphodropsis	ghilianii	Troglophile/Stygophile	no	Not applicable	Not applicable	Habitat temperature increase	Temperature	Probability of occurrence	Habitat availability	GLM	z	3,3208	NA	288	-	<0,001	-0,19568	Only quadratic term used; z-values is obtained by estimated beta / SE 	Stefano Mammola
Test_00005	2012-2013	Terrestrial	Cave	Arthopoda	Hexapoda	Coleoptera	Carabidae	Sphodropsis	ghilianii	Troglophile/Stygophile	no	Not applicable	Not applicable	Relative Humidity decrease	RH	Probability of occurrence	Habitat availability	GLM	z	2,6293	NA	288	-	0,008	-0,15493	sign flipped; z-values is obtained by estimated beta / SE	Stefano Mammola
Test_00005	2012-2013	Terrestrial	Cave	Arthopoda	Hexapoda	Coleoptera	Cholevidae	Dellabeffaella	roccae	Troglobiont/Stygobiont	no	Not applicable	Not applicable	Relative Humidity decrease	RH	Probability of occurrence	Habitat availability	GLM	z	2,5214	NA	288	-	0,011	-0,14858	sign flipped; z-values is obtained by estimated beta / SE	Stefano Mammola
Test_00006	1995-1996 ; 2020-2021	Aquatic	Springs	Multiple	Multiple	Multiple	Multiple	Multiple	Multiple	Multiple	yes	Spring reported in 1995-1996	Not applicable	Climate Change generic	Climate Change 	Number of available springs (< 157.4 m)	Habitat availability	GLM	z	-1,9490	NA	1485	-	0,051	-0,05058	Sample size not entirely clear – inferred	Stefano Mammola
Test_00006	1995-1996 ; 2020-2021	Aquatic	Springs	Multiple	Multiple	Multiple	Multiple	Multiple	Multiple	Multiple	yes	Spring reported in 1995-1996	Not applicable	Climate Change generic	Climate Change 	Number of available springs (157.5–192.9 m)	Habitat availability	GLM	z	-3,5390	NA	1485	-	<0,001	-0,09184	Sample size not entirely clear – inferred	Stefano Mammola
Test_00006	1995-1996 ; 2020-2021	Aquatic	Springs	Multiple	Multiple	Multiple	Multiple	Multiple	Multiple	Multiple	yes	Spring reported in 1995-1996	Not applicable	Climate Change generic	Climate Change 	Number of available springs (193–228.4 m)	Habitat availability	GLM	z	-6,2620	NA	1485	-	<0,001	-0,16250	Sample size not entirely clear – inferred	Stefano Mammola
Test_00006	1995-1996 ; 2020-2021	Aquatic	Springs	Multiple	Multiple	Multiple	Multiple	Multiple	Multiple	Multiple	yes	Spring reported in 1995-1996	Not applicable	Climate Change generic	Climate Change 	Number of available springs (228.5–263.9 m)	Habitat availability	GLM	z	-3,4600	NA	1485	-	<0,001	-0,08979	Sample size not entirely clear – inferred	Stefano Mammola
Test_00006	1995-1996 ; 2020-2021	Aquatic	Springs	Multiple	Multiple	Multiple	Multiple	Multiple	Multiple	Multiple	yes	Spring reported in 1995-1996	Not applicable	Climate Change generic	Climate Change 	Number of available springs (264–299.4 m)	Habitat availability	GLM	z	-1,6770	NA	1485	-	0,094	-0,04352	Sample size not entirely clear – inferred	Stefano Mammola
Test_00006	1995-1996 ; 2020-2021	Aquatic	Springs	Multiple	Multiple	Multiple	Multiple	Multiple	Multiple	Multiple	yes	Spring reported in 1995-1996	Not applicable	Climate Change generic	Climate Change 	Number of available springs (> 299.5)	Habitat availability	GLM	z	-0,3010	NA	1485	-	0,763	-0,00781	Sample size not entirely clear – inferred	Stefano Mammola
Test_00006	1995-1996 ; 2020-2021	Aquatic	Springs	Multiple	Multiple	Multiple	Multiple	Multiple	Multiple	Multiple	yes	Spring reported in 1995-1996	Not applicable	Climate Change generic	Climate Change 	Number of available springs (riverbanks springs)	Habitat availability	GLM	z	-2,5180	NA	1485	-	0,012	-0,06534	Sample size not entirely clear – inferred	Stefano Mammola
Test_00006	1995-1996 ; 2020-2021	Aquatic	Springs	Multiple	Multiple	Multiple	Multiple	Multiple	Multiple	Multiple	yes	Spring reported in 1995-1996	Not applicable	Climate Change generic	Climate Change 	Number of available springs (in the river valley)	Habitat availability	GLM	z	-3,3150	NA	1485	-	0,001	-0,08602	Sample size not entirely clear – inferred	Stefano Mammola
Test_00006	1995-1996 ; 2020-2021	Aquatic	Springs	Multiple	Multiple	Multiple	Multiple	Multiple	Multiple	Multiple	yes	Spring reported in 1995-1996	Not applicable	Climate Change generic	Climate Change 	Number of available springs (Under-slope springs)	Habitat availability	GLM	z	-6,4540	NA	1485	-	<0,001	-0,16748	Sample size not entirely clear – inferred	Stefano Mammola
Test_00006	1995-1996 ; 2020-2021	Aquatic	Springs	Multiple	Multiple	Multiple	Multiple	Multiple	Multiple	Multiple	yes	Spring reported in 1995-1996	Not applicable	Climate Change generic	Climate Change 	Number of available springs (Springs on the slope of the valley)	Habitat availability	GLM	z	-3,6950	NA	1485	-	<0,001	-0,09589	Sample size not entirely clear – inferred	Stefano Mammola
Test_00006	1995-1996 ; 2020-2021	Aquatic	Springs	Multiple	Multiple	Multiple	Multiple	Multiple	Multiple	Multiple	yes	Spring reported in 1995-1996	Not applicable	Climate Change generic	Climate Change 	Number of available springs (Yield < 2)	Habitat availability	GLM	z	-8,8960	NA	1485	-	<0,001	-0,23085	Sample size not entirely clear – inferred	Stefano Mammola
Test_00006	1995-1996 ; 2020-2021	Aquatic	Springs	Multiple	Multiple	Multiple	Multiple	Multiple	Multiple	Multiple	yes	Spring reported in 1995-1996	Not applicable	Climate Change generic	Climate Change 	Number of available springs (Yield 2.1 – 5)	Habitat availability	GLM	z	0,7170	NA	1485	-	0,473	0,01861	Sample size not entirely clear – inferred	Stefano Mammola
Test_00006	1995-1996 ; 2020-2021	Aquatic	Springs	Multiple	Multiple	Multiple	Multiple	Multiple	Multiple	Multiple	yes	Spring reported in 1995-1996	Not applicable	Climate Change generic	Climate Change 	Number of available springs (Yield 5.1 – 10)	Habitat availability	GLM	z	-1,5300	NA	1485	-	0,126	-0,03970	Sample size not entirely clear – inferred	Stefano Mammola
Test_00006	1995-1996 ; 2020-2021	Aquatic	Springs	Multiple	Multiple	Multiple	Multiple	Multiple	Multiple	Multiple	yes	Spring reported in 1995-1996	Not applicable	Climate Change generic	Climate Change 	Number of available springs (Yield 10.1 – 20)	Habitat availability	GLM	z	-1,2770	NA	1485	-	0,201	-0,03314	Sample size not entirely clear – inferred	Stefano Mammola
Test_00006	1995-1996 ; 2020-2021	Aquatic	Springs	Multiple	Multiple	Multiple	Multiple	Multiple	Multiple	Multiple	yes	Spring reported in 1995-1996	Not applicable	Climate Change generic	Climate Change 	Number of available springs (Yield 20.1 – 50)	Habitat availability	GLM	z	-2,9080	NA	1485	-	0,004	-0,07546	Sample size not entirely clear – inferred	Stefano Mammola
Test_00006	1995-1996 ; 2020-2021	Aquatic	Springs	Multiple	Multiple	Multiple	Multiple	Multiple	Multiple	Multiple	yes	Spring reported in 1995-1996	Not applicable	Climate Change generic	Climate Change 	Number of available springs (Yield > 50)	Habitat availability	GLM	z	-1,5580	NA	1485	-	0,119	-0,04043	Sample size not entirely clear – inferred	Stefano Mammola
Test_00006	1995-1996 ; 2020-2021	Aquatic	Springs	Multiple	Multiple	Multiple	Multiple	Multiple	Multiple	Multiple	yes	Spring reported in 1995-1996	Not applicable	Climate Change generic	Climate Change 	Number of available springs (Cretaceous)	Habitat availability	GLM	z	-6,6070	NA	1485	-	<0,001	-0,17145	Sample size not entirely clear – inferred	Stefano Mammola
Test_00006	1995-1996 ; 2020-2021	Aquatic	Springs	Multiple	Multiple	Multiple	Multiple	Multiple	Multiple	Multiple	yes	Spring reported in 1995-1996	Not applicable	Climate Change generic	Climate Change 	Number of available springs (Tertriary)	Habitat availability	GLM	z	-0,9540	NA	1485	-	0,34	-0,02476	Sample size not entirely clear – inferred	Stefano Mammola
Test_00006	1995-1996 ; 2020-2021	Aquatic	Springs	Multiple	Multiple	Multiple	Multiple	Multiple	Multiple	Multiple	yes	Spring reported in 1995-1996	Not applicable	Climate Change generic	Climate Change 	Number of available springs (Quaternary/Cretaceous)	Habitat availability	GLM	z	-1,2610	NA	1485	-	0,207	-0,03272	Sample size not entirely clear – inferred	Stefano Mammola
Test_00006	1995-1996 ; 2020-2021	Aquatic	Springs	Multiple	Multiple	Multiple	Multiple	Multiple	Multiple	Multiple	yes	Spring reported in 1995-1996	Not applicable	Climate Change generic	Climate Change 	Number of available springs (Quaternary/Tertriary)	Habitat availability	GLM	z	-1,0950	NA	1485	-	0,273	-0,02842	Sample size not entirely clear – inferred	Stefano Mammola
Test_00006	1995-1996 ; 2020-2021	Aquatic	Springs	Multiple	Multiple	Multiple	Multiple	Multiple	Multiple	Multiple	yes	Spring reported in 1995-1996	Not applicable	Climate Change generic	Climate Change 	Number of available springs (Quaternary)	Habitat availability	GLM	z	-4,1160	NA	1485	-	<0,001	-0,10681	Sample size not entirely clear – inferred	Stefano Mammola
Test_00008	1970-2000 ; 2050	Aquatic	Subterranean Rivers ; Caves	Chordata	Amphibia	Caudata	Cryptobranchidae	Andrias	davidianus	Troglophile/Stygophile	yes	Present distribution	Not applicable	Climate Change (temperature + precipitation variables)	Climate Change 	Elevation range 2050 (future vs present) rcp 26	Habitat shift	T-test	t	43,2950	NA	4342	+	<0,001	0,54921	emailed authors; recalculated from Wilcoxon to t-test	Stefano Mammola
Test_00008	1970-2000 ; 2050	Aquatic	Subterranean Rivers ; Caves	Chordata	Amphibia	Caudata	Cryptobranchidae	Andrias	davidianus	Troglophile/Stygophile	yes	Present distribution	Not applicable	Climate Change (temperature + precipitation variables)	Climate Change 	Elevation range 2050 (future vs present) rcp 85	Habitat shift	T-test	t	56,0380	NA	4348	+	<0,001	0,64766	emailed authors; recalculated from Wilcoxon to t-test	Stefano Mammola
Test_00008	1970-2000 ; 2070	Aquatic	Subterranean Rivers ; Caves	Chordata	Amphibia	Caudata	Cryptobranchidae	Andrias	davidianus	Troglophile/Stygophile	yes	Present distribution	Not applicable	Climate Change (temperature + precipitation variables)	Climate Change 	Elevation range 2070 (future vs present) rcp 26	Habitat shift	T-test	t	41,8290	NA	4169	+	<0,001	0,54380	emailed authors; recalculated from Wilcoxon to t-test	Stefano Mammola
Test_00008	1970-2000 ; 2070	Aquatic	Subterranean Rivers ; Caves	Chordata	Amphibia	Caudata	Cryptobranchidae	Andrias	davidianus	Troglophile/Stygophile	yes	Present distribution	Not applicable	Climate Change (temperature + precipitation variables)	Climate Change 	Elevation range 2070 (future vs present) rcp 85	Habitat shift	T-test	t	61,7690	NA	3774	+	<0,001	0,70913	emailed authors; recalculated from Wilcoxon to t-test	Stefano Mammola
Test_00009	2018-2019	Terrestrial	Cave	Chordata	Mammalia	Chiroptera	Vespertilionidae	Myotis	lucifugus	Troglophile/Stygophile	yes	Different controls sites	Not applicable	Cold + Dry vs Cold + Wet	RH	Pathogen load (WNS)	Pathogen risk	GLMM	z	3,0000	NA	81	-	<0,001	-0,33333	Sign flipped (lower relative humidity reduces pathogen load)	Stefano Mammola
Test_00009	2018-2019	Terrestrial	Cave	Chordata	Mammalia	Chiroptera	Vespertilionidae	Myotis	lucifugus	Troglophile/Stygophile	yes	Different controls sites	Not applicable	Temperature increase	Temperature	Pathogen load (WNS)	Pathogen risk	GLMM	z	4,1667	NA	65	+	<0,001	0,51681	Table S2	Stefano Mammola
Test_00009	2018-2019	Terrestrial	Cave	Chordata	Mammalia	Chiroptera	Vespertilionidae	Myotis	lucifugus	Troglophile/Stygophile	yes	Different controls sites	Not applicable	Water Vapor deficit	RH	Pathogen load (WNS)	Pathogen risk	GLMM	z	-2,3918	NA	65	-	0,020	-0,29666	Table S2	Stefano Mammola
