Paper_ID;Domain;Phylum;Class;Order;Family;Genus ;Species;Baseline;Baseline_type;N;Methodology;Ramping (min);Ramping_rate;Ramping_unit;Acclimatation;Treatment;Treatment_group;Response_type_I;Response_type_group;Response_type_II;Response;Response_revised;Value;Delta_Value;Ecological_Classification;Adaptation;Morphological_Adaptation;Body_size;Notes;Compiler
CC_0001;Terrestrial;Arthopoda;Arachnida;Araneae;Linyphiidae;Troglohyphantes;konradi;8,5;Habitat temperature;32;Dynamic;1440;1;°C;yes;Temperature;Temperature;Lethal;Lethal;Tolerance limits;LT100;LT100;15;6,5;Troglobiont/Stygobiont;High;High;NA;-;Stefano Mammola
CC_0001;Terrestrial;Arthopoda;Arachnida;Araneae;Linyphiidae;Troglohyphantes;lanai;9,2;Habitat temperature;14;Dynamic;1440;1;°C;yes;Temperature;Temperature;Lethal;Lethal;Tolerance limits;LT100;LT100;12;2,8;Troglobiont/Stygobiont;High;High;NA;-;Stefano Mammola
CC_0001;Terrestrial;Arthopoda;Arachnida;Araneae;Linyphiidae;Troglohyphantes;pedemontanus;8,9;Habitat temperature;15;Dynamic;1440;1;°C;yes;Temperature;Temperature;Lethal;Lethal;Tolerance limits;LT100;LT100;14;5,1;Troglobiont/Stygobiont;High;High;NA;-;Stefano Mammola
CC_0001;Terrestrial;Arthopoda;Arachnida;Araneae;Linyphiidae;Troglohyphantes;bornensis;8,7;Habitat temperature;11;Dynamic;1440;1;°C;yes;Temperature;Temperature;Lethal;Lethal;Tolerance limits;LT100;LT100;11;2,3;Troglophile/Stygophile;Low;Intermediate;NA;-;Stefano Mammola
CC_0001;Terrestrial;Arthopoda;Arachnida;Araneae;Linyphiidae;Troglohyphantes;iulianae;10;Habitat temperature;24;Dynamic;1440;1;°C;yes;Temperature;Temperature;Lethal;Lethal;Tolerance limits;LT100;LT100;14;4;Troglophile/Stygophile;Low;Intermediate;NA;-;Stefano Mammola
CC_0001;Terrestrial;Arthopoda;Arachnida;Araneae;Linyphiidae;Troglohyphantes;nigrerosae;6,6;Habitat temperature;22;Dynamic;1440;1;°C;yes;Temperature;Temperature;Lethal;Lethal;Tolerance limits;LT100;LT100;13;6,4;Troglophile/Stygophile;Low;Intermediate;NA;-;Stefano Mammola
CC_0001;Terrestrial;Arthopoda;Arachnida;Araneae;Linyphiidae;Troglohyphantes;lucifer;6,7;Habitat temperature;31;Dynamic;1440;1;°C;yes;Temperature;Temperature;Lethal;Lethal;Tolerance limits;LT100;LT100;30;23,3;Troglophile/Stygophile;Low;Low;NA;-;Stefano Mammola
CC_0001;Terrestrial;Arthopoda;Arachnida;Araneae;Linyphiidae;Troglohyphantes;lucifuga;6,65;Habitat temperature;21;Dynamic;1440;1;°C;yes;Temperature;Temperature;Lethal;Lethal;Tolerance limits;LT100;LT100;19;12,35;Troglophile/Stygophile;Low;Low;NA;-;Stefano Mammola
CC_0001;Terrestrial;Arthopoda;Arachnida;Araneae;Linyphiidae;Troglohyphantes;pluto;9;Habitat temperature;18;Dynamic;1440;1;°C;yes;Temperature;Temperature;Lethal;Lethal;Tolerance limits;LT100;LT100;18;9;Troglophile/Stygophile;Low;Low;NA;-;Stefano Mammola
Alert_00002;Terrestrial;Arthopoda;Arachnida;Araneae;Linyphiidae;Troglohyphantes;achillis;7,74;Habitat temperature;34;Dynamic;1440;1;°C;yes;Temperature;Temperature;Lethal;Lethal;Tolerance limits;LT100;LT100;NA;13;Troglophile/Stygophile;Low;Intermediate;NA;Value provided as delta in the paper.;Stefano Mammola
Alert_00002;Terrestrial;Arthopoda;Arachnida;Araneae;Linyphiidae;Troglohyphantes;delphinicus;3;Habitat temperature;12;Dynamic;1440;1;°C;yes;Temperature;Temperature;Lethal;Lethal;Tolerance limits;LT100;LT100;NA;1;Troglophile/Stygophile;Low;Intermediate;NA;Value provided as delta in the paper.;Stefano Mammola
Alert_00002;Terrestrial;Arthopoda;Arachnida;Araneae;Linyphiidae;Troglohyphantes;vignai;6,13;Habitat temperature;24;Dynamic;1440;1;°C;yes;Temperature;Temperature;Lethal;Lethal;Tolerance limits;LT100;LT100;NA;17;Troglophile/Stygophile;Low;Intermediate;NA;Value provided as delta in the paper.;Stefano Mammola
Test_00003;Aquatic;Arthopoda;Insecta;Coleoptera;Dytiscidae;Paroster;macrosturtensis;25;Habitat temperature;10;Dynamic;2;0,1;°C;yes;Temperature;Temperature;Lethal;Lethal;Tolerance limits;LT100;LT100;38,3;13,3;Troglobiont/Stygobiont;High;High;NA;-;Stefano Mammola
Test_00003;Aquatic;Arthopoda;Insecta;Coleoptera;Dytiscidae;Paroster;mesosturtensis;25;Habitat temperature;10;Dynamic;2;0,1;°C;yes;Temperature;Temperature;Lethal;Lethal;Tolerance limits;LT100;LT100;39;14;Troglobiont/Stygobiont;High;High;NA;-;Stefano Mammola
Test_00003;Aquatic;Arthopoda;Insecta;Coleoptera;Dytiscidae;Paroster;nigroadumbratus;25;Habitat temperature;6;Dynamic;2;0,1;°C;yes;Temperature;Temperature;Lethal;Lethal;Tolerance limits;LT100;LT100;42,7;17,7;External;Null;Null;NA;Control;Stefano Mammola
Test_00003;Aquatic;Arthopoda;Insecta;Coleoptera;Dytiscidae;Limbodessus;amabilis;25;Habitat temperature;6;Dynamic;2;0,1;°C;yes;Temperature;Temperature;Lethal;Lethal;Tolerance limits;LT100;LT100;42;17;External;Null;Null;NA;Control;Stefano Mammola
Test_00003;Aquatic;Arthopoda;Insecta;Coleoptera;Dytiscidae;Allodessus;bistrigatus;25;Habitat temperature;5;Dynamic;2;0,1;°C;yes;Temperature;Temperature;Lethal;Lethal;Tolerance limits;LT100;LT100;44,5;19,5;External;Null;Null;NA;Control;Stefano Mammola
CC_0029;Terrestrial;Arthopoda;Insecta;Coleoptera;Leiodidae;Bathysciola;rugosa;12;Habitat temperature;28;Dynamic;1;1;°C;yes;Temperature;Temperature;Sublethal;Sublethal;Tolerance limits;HTC;LT100;37,07;25,07;Troglobiont/Stygobiont;High;Intermediate;NA;Temperature of acclimatation: 25°C;Raquel Colado
CC_0029;Terrestrial;Arthopoda;Insecta;Coleoptera;Leiodidae;Speonomites;crypticola;10,4;Habitat temperature;33;Dynamic;1;1;°C;yes;Temperature;Temperature;Sublethal;Sublethal;Tolerance limits;HTC;LT100;35,54;25,14;Troglobiont/Stygobiont;High;High;NA;Temperature of acclimatation: 25°C;Raquel Colado
CC_0029;Terrestrial;Arthopoda;Insecta;Coleoptera;Leiodidae;Speonomidius;crotchi;11,1;Habitat temperature;50;Dynamic;1;1;°C;yes;Temperature;Temperature;Sublethal;Sublethal;Tolerance limits;HTC;LT100;36,72;25,62;Troglobiont/Stygobiont;High;High;NA;Temperature of acclimatation: 25°C;Raquel Colado
CC_0046;Aquatic;Arthopoda;Malacrostaca;Isopoda;Asellidae;Proasellus;valdensis Pv2;6,3;Habitat temperature;14;Dynamic;6480;0,22;°C;yes;Temperature;Temperature;Lethal;Lethal;Mortality;Mortality;LT100;16;9,7;Troglophile/Stygophile;Low;NA;NA;"Data extracted from the table. More than 90% of the specimens of P. valdensis survived exposures at
temperatures ranging from 2 to 13°C (Pv1), or from 7 to 16°C (Pv2).";Raquel Colado
CC_0046;Aquatic;Arthopoda;Malacrostaca;Isopoda;Asellidae;Proasellus;sp. 1;9,9;Habitat temperature;14;Dynamic;6480;0,22;°C;yes;Temperature;Temperature;Lethal;Lethal;Mortality;Mortality;LT100;11,8;1,9;Troglobiont/Stygobiont;Low;NA;NA;"Data extracted from the table.The survival of P. n. sp. 1 and P. n. sp. 2 rapidly declined below 90% when temperature departed slightly from 10°C. At 13°C, the survival rates of these two
species were 84% (P. n. sp. 1) and 52% (P. n. sp. 2).";Raquel Colado
CC_0046;Aquatic;Arthopoda;Malacrostaca;Isopoda;Asellidae;Proasellus;sp. 2;11;Habitat temperature;14;Dynamic;6480;0,22;°C;yes;Temperature;Temperature;Lethal;Lethal;Mortality;Mortality;LT100;11;0;Troglobiont/Stygobiont;Low;NA;NA;"Data extracted from the table.The survival of P. n. sp. 1 and P. n. sp. 2 rapidly declined below 90% when temperature departed slightly from 10°C. At 13°C, the survival rates of these two
species were 84% (P. n. sp. 1) and 52% (P. n. sp. 2).";Raquel Colado
CC_0046;Aquatic;Arthopoda;Malacrostaca;Isopoda;Asellidae;Proasellus;valdensis Pv1;11,7;Habitat temperature;14;Dynamic;6480;0,22;°C;yes;Temperature;Temperature;Lethal;Lethal;Mortality;Mortality;LT100;14;2,3;Troglophile/Stygophile;Low;NA;NA;"Data extracted from the table. More than 90% of the specimens of P. valdensis survived exposures at
temperatures ranging from 2 to 13°C (Pv1), or from 7 to 16°C (Pv2).";Raquel Colado
CC_0001;Terrestrial;Arthopoda;Arachnida;Araneae;Linyphiidae;Troglohyphantes;konradi;8,5;Habitat temperature;32;Dynamic;1440;1;°C;yes;Temperature;Temperature;Lethal;Lethal;Tolerance limits;LT50;LT50;11;2,5;Troglobiont/Stygobiont;High;High;NA;-;Stefano Mammola
CC_0001;Terrestrial;Arthopoda;Arachnida;Araneae;Linyphiidae;Troglohyphantes;lanai;9,2;Habitat temperature;14;Dynamic;1440;1;°C;yes;Temperature;Temperature;Lethal;Lethal;Tolerance limits;LT50;LT50;11;1,8;Troglobiont/Stygobiont;High;High;NA;-;Stefano Mammola
CC_0001;Terrestrial;Arthopoda;Arachnida;Araneae;Linyphiidae;Troglohyphantes;pedemontanus;8,9;Habitat temperature;15;Dynamic;1440;1;°C;yes;Temperature;Temperature;Lethal;Lethal;Tolerance limits;LT50;LT50;13;4,1;Troglobiont/Stygobiont;High;High;NA;-;Stefano Mammola
CC_0001;Terrestrial;Arthopoda;Arachnida;Araneae;Linyphiidae;Troglohyphantes;bornensis;8,7;Habitat temperature;11;Dynamic;1440;1;°C;yes;Temperature;Temperature;Lethal;Lethal;Tolerance limits;LT50;LT50;9;0,3;Troglophile/Stygophile;Low;Intermediate;NA;-;Stefano Mammola
CC_0067;Aquatic;Arthopoda;Copepoda;Cyclopoida;Cyclopidae;Diacyclops;belgicus;0,009;Oxygen consumption rate;20;Static;0;0;NA;yes;Temperature;Temperature;Sublethal;Sublethal;Standard oxygen consumption rates ;Oxygen consumption (Q10);Oxygen consumption (Q10);0,0067;-0,0023;Troglobiont/Stygobiont;High;NA;NA;Value was calculated between 14 and 17°C;Raquel Colado
CC_0001;Terrestrial;Arthopoda;Arachnida;Araneae;Linyphiidae;Troglohyphantes;iulianae;10;Habitat temperature;24;Dynamic;1440;1;°C;yes;Temperature;Temperature;Lethal;Lethal;Tolerance limits;LT50;LT50;12;2;Troglophile/Stygophile;Low;Intermediate;NA;-;Stefano Mammola
CC_0001;Terrestrial;Arthopoda;Arachnida;Araneae;Linyphiidae;Troglohyphantes;nigrerosae;6,6;Habitat temperature;22;Dynamic;1440;1;°C;yes;Temperature;Temperature;Lethal;Lethal;Tolerance limits;LT50;LT50;8;1,4;Troglophile/Stygophile;Low;Intermediate;NA;-;Stefano Mammola
CC_0052;Terrestrial;Arthopoda;Copepoda;Cyclopoida;Cyclopidae;Eucyclops;serrulatus;59,74;Lethal concentration values 50% (LC50);6;Static;0;0;NA;yes;Temperature;Temperature;Lethal;Lethal;Sensivility;Lethal concentration values 50% (LC50);Lethal concentration values 50% (LC50);24,79;-34,95;External;Null;Null;NA;"Temperature at baseline: 15°C; Temperature max:18°C. Adults exposed to NH4";Raquel Colado
CC_0052;Terrestrial;Arthopoda;Copepoda;Cyclopoida;Cyclopidae;Eucyclops;serrulatus;21,26;Lethal concentration values 50% (LC50);6;Static;0;0;NA;yes;Temperature;Temperature;Lethal;Lethal;Sensivility;Lethal concentration values 50% (LC50);Lethal concentration values 50% (LC50);16,11;-5,15;External;Null;Null;NA;"Temperature at baseline: 15°C; Temperature max:18°C. Juveniles exposed to NH4";Raquel Colado
CC_0052;Terrestrial;Arthopoda;Copepoda;Cyclopoida;Cyclopidae;Eucyclops;serrulatus;235,76;Lethal concentration values 50% (LC50);6;Static;0;0;NA;yes;Temperature;Temperature;Lethal;Lethal;Sensivility;Lethal concentration values 50% (LC50);Lethal concentration values 50% (LC50);230,74;-5,02;External;Null;Null;NA;"Temperature at baseline: 15°C; Temperature max:18°C. Adults exposed to Imazamox (IMA)";Raquel Colado
CC_0052;Terrestrial;Arthopoda;Copepoda;Cyclopoida;Cyclopidae;Eucyclops;serrulatus;139,3;Lethal concentration values 50% (LC50);6;Static;0;0;NA;yes;Temperature;Temperature;Lethal;Lethal;Sensivility;Lethal concentration values 50% (LC50);Lethal concentration values 50% (LC50);111,9;-27,4;External;Null;Null;NA;"Temperature at baseline: 15°C; Temperature max:18°C. Juveniles exposed to Imazamox (IMA)";Raquel Colado
CC_0052;Terrestrial;Arthopoda;Copepoda;Cyclopoida;Cyclopidae;Eucyclops;serrulatus;31,57;Lethal concentration values 50% (LC50);6;Static;0;0;NA;yes;Temperature;Temperature;Lethal;Lethal;Sensivility;Lethal concentration values 50% (LC50);Lethal concentration values 50% (LC50);22,62;-8,95;External;Null;Null;NA;"Temperature at baseline: 15°C; Temperature max:18°C. Adults exposed to Imazamox and ammonia-N";Raquel Colado
CC_0052;Terrestrial;Arthopoda;Copepoda;Cyclopoida;Cyclopidae;Eucyclops;serrulatus;23,89;Lethal concentration values 50% (LC50);6;Static;0;0;NA;yes;Temperature;Temperature;Lethal;Lethal;Sensivility;Lethal concentration values 50% (LC50);Lethal concentration values 50% (LC50);14,75;-9,14;External;Null;Null;NA;"Temperature at baseline: 15°C; Temperature max:18°C. Juveniles exposed to Imazamox and ammonia-N";Raquel Colado
CC_0001;Terrestrial;Arthopoda;Arachnida;Araneae;Linyphiidae;Troglohyphantes;lucifer;6,7;Habitat temperature;31;Dynamic;1440;1;°C;yes;Temperature;Temperature;Lethal;Lethal;Tolerance limits;LT50;LT50;19;12,3;Troglophile/Stygophile;Low;Low;NA;-;Stefano Mammola
CC_0001;Terrestrial;Arthopoda;Arachnida;Araneae;Linyphiidae;Troglohyphantes;lucifuga;6,65;Habitat temperature;21;Dynamic;1440;1;°C;yes;Temperature;Temperature;Lethal;Lethal;Tolerance limits;LT50;LT50;11;4,35;Troglophile/Stygophile;Low;Low;NA;-;Stefano Mammola
CC_0001;Terrestrial;Arthopoda;Arachnida;Araneae;Linyphiidae;Troglohyphantes;pluto;9;Habitat temperature;18;Dynamic;1440;1;°C;yes;Temperature;Temperature;Lethal;Lethal;Tolerance limits;LT50;LT50;13;4;Troglophile/Stygophile;Low;Low;NA;-;Stefano Mammola
Alert_00002;Terrestrial;Arthopoda;Arachnida;Araneae;Linyphiidae;Troglohyphantes;achillis;7,74;Habitat temperature;34;Dynamic;1440;1;°C;yes;Temperature;Temperature;Lethal;Lethal;Tolerance limits;LT50;LT50;NA;4,82;Troglophile/Stygophile;Low;Intermediate;NA;Value provided as delta in the paper.;Stefano Mammola
Alert_00002;Terrestrial;Arthopoda;Arachnida;Araneae;Linyphiidae;Troglohyphantes;delphinicus;3;Habitat temperature;12;Dynamic;1440;1;°C;yes;Temperature;Temperature;Lethal;Lethal;Tolerance limits;LT50;LT50;NA;0,67;Troglophile/Stygophile;Low;Intermediate;NA;Value provided as delta in the paper.;Stefano Mammola
Alert_00002;Terrestrial;Arthopoda;Arachnida;Araneae;Linyphiidae;Troglohyphantes;vignai;6,13;Habitat temperature;24;Dynamic;1440;1;°C;yes;Temperature;Temperature;Lethal;Lethal;Tolerance limits;LT50;LT50;NA;8;Troglophile/Stygophile;Low;Intermediate;NA;Value provided as delta in the paper.;Stefano Mammola
CC_0030;Terrestrial;Arthopoda;Arachnida;Pseudoscorpiones;Neobisiidae;Neobisium;vasconicum vasconicum;10;Habitat temperature;8;Static;0;0;°C;yes;Temperature;Temperature;Lethal;Lethal;Tolerance limits;LT50;LT50;17,57;7,57;Troglobiont/Stygobiont;High;NA;NA;-;Raquel Colado
CC_0077;Aquatic;Arthopoda;Copepoda;Harpacticoida;Ameiridae;NA;sp.;18,07;Habitat temperature;10;Dynamic;4320;1;°C;yes;Temperature;Temperature;Lethal;Lethal;Tolerance limits;UTL50;LT50;24,8;6,73;Troglobiont/Stygobiont;High;NA;NA;-;Raquel Colado
CC_0077;Aquatic;Arthopoda;Copepoda;Cyclopoida;Cyclopidae;Diacyclops;sp.;19,7;Habitat temperature;10;Dynamic;4320;1;°C;yes;Temperature;Temperature;Lethal;Lethal;Tolerance limits;UTL50;LT50;26,9;7,2;Troglobiont/Stygobiont;High;NA;NA;-;Raquel Colado
CC_0025;Terrestrial;Arthopoda;Insecta;Coleoptera;Leiodidae;Bathysciola;mystica;7,6;Habitat temperature;39;Static;0;0;°C;yes;Temperature;Temperature;Lethal;Lethal;Tolerance limits;LT50;LT50;22,9;15,3;Troglophile/Stygophile;Low;Low;1,78;-;Raquel Colado
CC_0025;Terrestrial;Arthopoda;Insecta;Coleoptera;Leiodidae;Bathysciola;rugosa;12;Habitat temperature;36;Static;0;0;°C;yes;Temperature;Temperature;Lethal;Lethal;Tolerance limits;LT50;LT50;23,99;11,99;Troglophile/Stygophile;Low;NA;2,5;-;Raquel Colado
CC_0025;Terrestrial;Arthopoda;Insecta;Coleoptera;Leiodidae;Nafarroa;sorogainensis;10;Habitat temperature;34;Static;0;0;°C;yes;Temperature;Temperature;Lethal;Lethal;Tolerance limits;LT50;LT50;22,15;12,15;Troglophile/Stygophile;Low;NA;1,875;-;Raquel Colado
CC_0025;Terrestrial;Arthopoda;Insecta;Coleoptera;Leiodidae;Euryspeonomus;breuili;10,6;Habitat temperature;40;Static;0;0;°C;yes;Temperature;Temperature;Lethal;Lethal;Tolerance limits;LT50;LT50;14,9;4,3;Troglophile/Stygophile;Low;NA;4,25;-;Raquel Colado
CC_0025;Terrestrial;Arthopoda;Insecta;Coleoptera;Leiodidae;Speocharidius;breuili;10;Habitat temperature;48;Static;0;0;°C;yes;Temperature;Temperature;Lethal;Lethal;Tolerance limits;LT50;LT50;15,97;5,97;Troglobiont/Stygobiont;High;NA;4;-;Raquel Colado
CC_0025;Terrestrial;Arthopoda;Insecta;Coleoptera;Leiodidae;Parvospeonomus;canyellesi;13,7;Habitat temperature;39;Static;0;0;°C;yes;Temperature;Temperature;Lethal;Lethal;Tolerance limits;LT50;LT50;21,15;7,45;Troglobiont/Stygobiont;High;NA;1,82;-;Raquel Colado
CC_0025;Terrestrial;Arthopoda;Insecta;Coleoptera;Leiodidae;Stygiophyes;puncticollis;12,6;Habitat temperature;27;Static;0;0;°C;yes;Temperature;Temperature;Lethal;Lethal;Tolerance limits;LT50;LT50;15,2;2,6;Troglobiont/Stygobiont;High;NA;2,5;-;Raquel Colado
CC_0025;Terrestrial;Arthopoda;Insecta;Coleoptera;Leiodidae;Machaeroscelis;infernus;7,6;Habitat temperature;23;Static;0;0;°C;yes;Temperature;Temperature;Lethal;Lethal;Tolerance limits;LT50;LT50;21,62;14,02;Troglobiont/Stygobiont;High;Intermediate;2,3;-;Raquel Colado
CC_0025;Terrestrial;Arthopoda;Insecta;Coleoptera;Leiodidae;Pseudospeonomus;raholai;15;Habitat temperature;42;Static;0;0;°C;yes;Temperature;Temperature;Lethal;Lethal;Tolerance limits;LT50;LT50;28,59;13,59;Troglobiont/Stygobiont;High;NA;1,9;-;Raquel Colado
CC_0025;Terrestrial;Arthopoda;Insecta;Coleoptera;Leiodidae;Speonomites;crypticola;10,4;Habitat temperature;42;Static;0;0;°C;yes;Temperature;Temperature;Lethal;Lethal;Tolerance limits;LT50;LT50;23,6;13,2;Troglobiont/Stygobiont;High;NA;3;-;Raquel Colado
CC_0027;Terrestrial;Arthopoda;Insecta;Coleoptera;Leiodidae;Parvospeonomus;canyellesi;6,3;Survival time (days);10;Static;0;0;NA;yes;Temperature;Temperature;Sublethal;Sublethal;Acclimatation;Survival time(days);Survival time(days);6,75;0,45;Troglobiont/Stygobiont;High;Intermediate;1,82;"Temperature at baseline: 13.7°C; Temperature acclimatation: 20°C";Raquel Colado
CC_0027;Terrestrial;Arthopoda;Insecta;Coleoptera;Leiodidae;Parvospeonomus;canyellesi;37,09;Concentration;10;Static;0;0;NA;yes;Temperature;Temperature;Sublethal;Sublethal;Acetylcholinesterase;Concentration;Concentration;72,89;35,8;Troglobiont/Stygobiont;High;Intermediate;1,82;"Temperature at baseline: 13.7°C; Temperature acclimatation: 20°C";Raquel Colado
CC_0027;Terrestrial;Arthopoda;Insecta;Coleoptera;Leiodidae;Parvospeonomus;canyellesi;41,227;Concentration;10;Static;0;0;NA;yes;Temperature;Temperature;Sublethal;Sublethal;Total antioxidant capacity;Concentration;Concentration;72,145;30,918;Troglobiont/Stygobiont;High;Intermediate;1,82;"Temperature at baseline: 13.7°C; Temperature acclimatation: 20°C";Raquel Colado
CC_0027;Terrestrial;Arthopoda;Insecta;Coleoptera;Leiodidae;Parvospeonomus;canyellesi;380,65;Concentration;10;Static;0;0;NA;yes;Temperature;Temperature;Sublethal;Sublethal;Glutathione-S-transferase;Concentration;Concentration;1091,38;710,73;Troglobiont/Stygobiont;High;Intermediate;1,82;"Temperature at baseline: 13.7°C; Temperature acclimatation: 20°C";Raquel Colado
CC_0027;Terrestrial;Arthopoda;Insecta;Coleoptera;Leiodidae;Parvospeonomus;canyellesi;38,4;Concentration;10;Static;0;0;NA;yes;Temperature;Temperature;Sublethal;Sublethal;Reduced:oxidized glutathione ratio;Concentration;Concentration;10,38;28,02;Troglobiont/Stygobiont;High;Intermediate;1,82;"Temperature at baseline: 13.7°C; Temperature acclimatation: 20°C";Raquel Colado
CC_0027;Terrestrial;Arthopoda;Insecta;Coleoptera;Leiodidae;Parvospeonomus;canyellesi;116;Concentration;10;Static;0;0;NA;yes;Temperature;Temperature;Sublethal;Sublethal;Lipid peroxidation;Concentration;Concentration;103;13;Troglobiont/Stygobiont;High;Intermediate;1,82;"Temperature at baseline: 13.7°C; Temperature acclimatation: 20°C";Raquel Colado
CC_0025;Terrestrial;Arthopoda;Insecta;Coleoptera;Leiodidae;Speonomites;velox;12;Habitat temperature;43;Static;0;0;°C;yes;Temperature;Temperature;Lethal;Lethal;Tolerance limits;LT50;LT50;20,46;8,46;Troglobiont/Stygobiont;High;NA;2,65;-;Raquel Colado
CC_0025;Terrestrial;Arthopoda;Insecta;Coleoptera;Leiodidae;Speonomus;curvipes;10,7;Habitat temperature;41;Static;0;0;°C;yes;Temperature;Temperature;Lethal;Lethal;Tolerance limits;LT50;LT50;21,2;10,5;Troglobiont/Stygobiont;High;High;3;-;Raquel Colado
CC_0025;Terrestrial;Arthopoda;Insecta;Coleoptera;Leiodidae;Speonomus;longicornis;11,8;Habitat temperature;39;Static;0;0;°C;yes;Temperature;Temperature;Lethal;Lethal;Tolerance limits;LT50;LT50;21,5;9,7;Troglobiont/Stygobiont;High;High;3;-;Raquel Colado
CC_0025;Terrestrial;Arthopoda;Insecta;Coleoptera;Leiodidae;Trapezodirus;arcticollis;6,9;Habitat temperature;26;Static;0;0;°C;yes;Temperature;Temperature;Lethal;Lethal;Tolerance limits;LT50;LT50;20,93;14,03;Troglobiont/Stygobiont;High;NA;3,24;-;Raquel Colado
CC_0025;Terrestrial;Arthopoda;Insecta;Coleoptera;Leiodidae;Troglocharinus;ferreri;14,9;Habitat temperature;38;Static;0;0;°C;yes;Temperature;Temperature;Lethal;Lethal;Tolerance limits;LT50;LT50;19,3;4,4;Troglobiont/Stygobiont;High;NA;3,68;-;Raquel Colado
CC_0025;Terrestrial;Arthopoda;Insecta;Coleoptera;Leiodidae;Troglocharinus;fonti;10,3;Habitat temperature;36;Static;0;0;°C;yes;Temperature;Temperature;Lethal;Lethal;Tolerance limits;LT50;LT50;19,92;9,62;Troglobiont/Stygobiont;High;NA;2,88;-;Raquel Colado
CC_0027;Terrestrial;Arthopoda;Insecta;Coleoptera;Leiodidae;Parvospeonomus;canyellesi;13,7;Habitat temperature;10;Static;0;0;°C;yes;Temperature;Temperature;Lethal;Lethal;Tolerance limits;LT50;LT50;21,13;7,43;Troglobiont/Stygobiont;High;Intermediate;1,82;The current surface annual temperature at the cave location is 13.7°C. The degree of adaptation of the ivestigated fauna is clearly indicated in the paper.;Raquel Colado
CC_0040;Terrestrial;Arthopoda;Insecta;Diplopoda;Glomeridae;Glomeris;spp.;13;Acclimatation temperature;12;Static;0;0;NA;yes;Temperature;Temperature;Sublethal;Sublethal;Mortality;Survival time(days);Survival time(days);2,8;1,8;Troglobiont/Stygobiont;High;NA;NA;"Data extracted from the figures. Temperature at baseline: 13°C; Temperature acclimatation: 30°C";Raquel Colado
CC_0040;Terrestrial;Arthopoda;Insecta;Collembola;Onychiuridae;Deuteraphorura;silvaria;20;Acclimatation temperature;12;Static;0;0;NA;yes;Temperature;Temperature;Sublethal;Sublethal;Mortality;Survival time(days);Survival time(days);3,2;3,5;Troglophile/Stygophile;Low;NA;NA;"Data extracted from the figures. Temperature at baseline: 13°C; Temperature acclimatation: 23°C";Raquel Colado
CC_0040;Terrestrial;Arthopoda;Insecta;Coleoptera;Leiodidae;Speonemadus;angusticollis;23;Acclimatation temperature;12;Static;0;0;NA;yes;Temperature;Temperature;Sublethal;Sublethal;Mortality;Survival time(days);Survival time(days);1;5,7;Troglophile/Stygophile;Low;NA;NA;"Temperature at baseline: 13°C; Temperature acclimatation: 30°C";Raquel Colado
CC_0040;Terrestrial;Arthopoda;Insecta;Coleoptera;Staphylinidae;Atheta;subcavicola;25;Acclimatation temperature;12;Static;0;0;NA;yes;Temperature;Temperature;Sublethal;Sublethal;Mortality;Survival time(days);Survival time(days);2,5;-0,9;Troglophile/Stygophile;Low;NA;NA;"Data extracted from the figures. Temperature at baseline: 13°C; Temperature acclimatation: 30°C";Raquel Colado
CC_0040;Terrestrial;Arthopoda;Insecta;Diplopoda;Glomeridae;Glomeris;spp.;13;Habitat temperature;12;Static;0;0;°C;yes;Temperature;Temperature;Lethal;Lethal;Tolerance limits;LT50;LT50;27,59;14,59;Troglobiont/Stygobiont;High;NA;NA;-;Raquel Colado
CC_0040;Terrestrial;Arthopoda;Insecta;Collembola;Onychiuridae;Deuteraphorura;silvaria;13;Habitat temperature;12;Static;0;0;°C;yes;Temperature;Temperature;Lethal;Lethal;Tolerance limits;LT50;LT50;19,64;6,64;Troglophile/Stygophile;Low;NA;NA;-;Raquel Colado
CC_0040;Terrestrial;Arthopoda;Insecta;Coleoptera;Leiodidae;Speonemadus;angusticollis;13;Habitat temperature;12;Static;0;0;°C;yes;Temperature;Temperature;Lethal;Lethal;Tolerance limits;LT50;LT50;25,18;12,18;Troglophile/Stygophile;Low;NA;NA;-;Raquel Colado
CC_0040;Terrestrial;Arthopoda;Insecta;Coleoptera;Staphylinidae;Atheta;subcavicola;13;Habitat temperature;12;Static;0;0;°C;yes;Temperature;Temperature;Lethal;Lethal;Tolerance limits;LT50;LT50;24,98;11,98;Troglophile/Stygophile;Low;NA;NA;-;Raquel Colado
Reference_1;Terrestrial;Arthopoda;Insecta;Collembola;Onychiuridae;Protaphorura;janosik;-1,35;Habitat temperature;50;Dynamic;1;0,15;°C;yes;Temperature;Temperature;Lethal;Lethal;Mortality;LDh50;LT50;32,6;33,95;Troglobiont/Stygobiont;High;NA;NA;Annual mean temperature extracted from the Table 1;Raquel Colado
Reference_1;Terrestrial;Arthopoda;Insecta;Collembola;Entomobryidae;Pseudosinella ;aggtelekiensis;9,9;Habitat temperature;34;Dynamic;1;0,15;°C;yes;Temperature;Temperature;Lethal;Lethal;Mortality;LDh50;LT50;32;22,1;Troglobiont/Stygobiont;High;NA;NA;Annual mean temperature extracted from the Table 1;Raquel Colado
Reference_1;Terrestrial;Arthopoda;Insecta;Collembola;Entomobryidae;Pseudosinella ;paclti;6,8;Habitat temperature;29;Dynamic;1;0,15;°C;yes;Temperature;Temperature;Lethal;Lethal;Mortality;LDh50;LT50;31,3;24,5;Troglobiont/Stygobiont;High;NA;NA;Annual mean temperature was found on the internet because it was not available in the paper;Raquel Colado
Reference_1;Terrestrial;Arthopoda;Insecta;Collembola;Arrhopalitida;Pygmarrhopalites;aggtelekiensis;9,9;Habitat temperature;18;Dynamic;1;0,15;°C;yes;Temperature;Temperature;Lethal;Lethal;Mortality;LDh50;LT50;32;22,1;Troglobiont/Stygobiont;High;NA;NA;Annual mean temperature extracted from the Table 1;Raquel Colado
Reference_1;Terrestrial;Arthopoda;Insecta;Collembola;Entomobryidae;Heteromurus;nitidus;10,4;Habitat temperature;66;Dynamic;1;0,15;°C;yes;Temperature;Temperature;Lethal;Lethal;Mortality;LDh50;LT50;36;25,6;Troglophile/Stygophile;Low;NA;NA;Annual mean temperature extracted from the Table 1;Raquel Colado
Reference_1;Terrestrial;Arthopoda;Insecta;Collembola;Tomoceridae;Plutomurus;carpaticus;5,9;Habitat temperature;43;Dynamic;1;0,15;°C;yes;Temperature;Temperature;Lethal;Lethal;Mortality;LDh50;LT50;33,6;27,7;Troglophile/Stygophile;Low;NA;NA;Annual mean temperature extracted from the Table 1;Raquel Colado
Reference_1;Terrestrial;Arthopoda;Insecta;Collembola;Onychiuridae;Protaphorura;armata;6,65;Habitat temperature;42;Dynamic;1;0,15;°C;yes;Temperature;Temperature;Lethal;Lethal;Mortality;LDh50;LT50;33,4;26,75;Troglophile/Stygophile;Low;NA;NA;Annual mean temperature extracted from the Table 1;Raquel Colado
Reference_1;Terrestrial;Arthopoda;Insecta;Collembola;Arrhopalitidae;Pygmarrhopalites;pygmaeus;6,8;Habitat temperature;33;Dynamic;1;0,15;°C;yes;Temperature;Temperature;Lethal;Lethal;Mortality;LDh50;LT50;31,9;25,1;Troglophile/Stygophile;Low;NA;NA;Annual mean temperature extracted from the Table 1;Raquel Colado
Reference_1;Terrestrial;Arthopoda;Insecta;Collembola;Hypogastruridae;Ceratophysella;sigillata;-2,15;Habitat temperature;56;Dynamic;1;0,15;°C;yes;Temperature;Temperature;Lethal;Lethal;Mortality;LDh50;LT50;36,9;39,05;Troglophile/Stygophile;Low;NA;NA;Annual mean temperature extracted from the Table 1;Raquel Colado
Reference_1;Terrestrial;Arthopoda;Insecta;Collembola;Isotomoidea;Desoria;tigrina;3,65;Habitat temperature;47;Dynamic;1;0,15;°C;yes;Temperature;Temperature;Lethal;Lethal;Mortality;LDh50;LT50;33,7;30,05;Troglophile/Stygophile;Low;NA;NA;Annual mean temperature extracted from the Table 1;Raquel Colado
Reference_1;Terrestrial;Arthopoda;Insecta;Collembola;Hypogastruridae;Hypogastrura;crassaegranulata;-3,6;Habitat temperature;88;Dynamic;1;0,15;°C;yes;Temperature;Temperature;Lethal;Lethal;Mortality;LDh50;LT50;36,6;40,2;Troglophile/Stygophile;Low;NA;NA;Annual mean temperature extracted from the Table 1;Raquel Colado
Reference_1;Terrestrial;Arthopoda;Insecta;Collembola;Lepidocyrtinae;Lepidocyrtus;violaceus;0,5;Habitat temperature;40;Dynamic;1;0,15;°C;yes;Temperature;Temperature;Lethal;Lethal;Mortality;LDh50;LT50;32,9;32,4;Troglophile/Stygophile;Low;NA;NA;Annual mean temperature extracted from the Table 1;Raquel Colado
Reference_1;Terrestrial;Arthopoda;Insecta;Collembola;Onychiuridae;Tetrodontophora;bielanensis;3,65;Habitat temperature;47;Dynamic;1;0,15;°C;yes;Temperature;Temperature;Lethal;Lethal;Mortality;LDh50;LT50;33,1;29,45;Troglophile/Stygophile;Low;NA;NA;Annual mean temperature extracted from the Table 1;Raquel Colado
Reference_1;Terrestrial;Arthopoda;Insecta;Collembola;Isotomidae;Folsomia;sp.;2,15;Habitat temperature;101;Dynamic;1;0,15;°C;yes;Temperature;Temperature;Lethal;Lethal;Mortality;LDh50;LT50;36,5;34,35;External;Null;NA;NA;Annual mean temperature extracted from the Table 1;Raquel Colado
Alert_00006;Aquatic;Arthopoda;Malacrostaca;Isopoda;Asellidae;Proasellus;lusitanicus;85,82;Oxygen consumption rate at the temperature of the collection site;30;Dynamic;60;0,041;°C;yes;Temperature;Temperature;Sublethal;Sublethal;Oxygen consumption;Oxygen consumprion rates ng O2/mg h;Oxygen consumprion rates ng O2/mg h;19,55;-66,27;Troglobiont/Stygobiont;High;High;4.2-7.2;OCR at the temperature of the collection site (baseline) and at 22,5 °C;Tiziana Di Lorenzo
Alert_00006_R1;Aquatic;Arthopoda;Malacrostaca;Amphipoda;Niphargidae;Niphargus;zagrebensis;0,007;Oxygen consumption rate at the temperature of the collection site;20;Dynamic;720;1;°C;yes;Temperature;Temperature;Sublethal;Sublethal;Oxygen consumption;Oxygen consumprion rates ng O2/mg h;Oxygen consumprion rates ng O2/mg h;0,095;0,088;Troglophile/Stygophile;Low;High;NA;Inferred from Fig. 1;Tiziana Di Lorenzo
Alert_00006_R1;Aquatic;Arthopoda;Malacrostaca;Amphipoda;Niphargidae;Niphargus;stygius;0,0055;Oxygen consumption rate at the temperature of the collection site;20;Dynamic;720;1;°C;yes;Temperature;Temperature;Sublethal;Sublethal;Oxygen consumption;Oxygen consumprion rates ng O2/mg h;Oxygen consumprion rates ng O2/mg h;0,13;0,1245;Troglobiont/Stygobiont;High;High;NA;Inferred from Fig. 1;Tiziana Di Lorenzo
Alert_00006_R1;Aquatic;Arthopoda;Malacrostaca;Isopoda;Asellidae;Asellus;aquaticus carniolicus;0,035;Oxygen consumption rate at the temperature of the collection site;20;Dynamic;720;1;°C;yes;Temperature;Temperature;Sublethal;Sublethal;Oxygen consumption;Oxygen consumprion rates ng O2/mg h;Oxygen consumprion rates ng O2/mg h;0,2;0,165;Troglophile/Stygophile;Low;High;NA;Inferred from Fig. 1;Tiziana Di Lorenzo
Alert_00006_R1;Aquatic;Arthopoda;Malacrostaca;Isopoda;Asellidae;Asellus;aquaticus cavernicolus;0,025;Oxygen consumption rate at the temperature of the collection site;20;Dynamic;720;1;°C;yes;Temperature;Temperature;Sublethal;Sublethal;Oxygen consumption;Oxygen consumprion rates ng O2/mg h;Oxygen consumprion rates ng O2/mg h;0,075;0,05;Troglobiont/Stygobiont;High;High;NA;Inferred from Fig. 1;Tiziana Di Lorenzo
Alert_00006_R1;Aquatic;Arthopoda;Malacrostaca;Amphipoda;Niphargidae;Niphargus;zagrebensis;0,6;ETS activity at the temperature of the collection site;20;Dynamic;720;1;°C;yes;Temperature;Temperature;Sublethal;Sublethal;ETS activity ;ETS activity ;ETS activity;1,7;1,1;Troglophile/Stygophile;Low;High;NA;Inferred from Fig. 2;Tiziana Di Lorenzo
Alert_00006_R1;Aquatic;Arthopoda;Malacrostaca;Amphipoda;Niphargidae;Niphargus;stygius;0,7;ETS activity at the temperature of the collection site;20;Dynamic;720;1;°C;yes;Temperature;Temperature;Sublethal;Sublethal;ETS activity ;ETS activity ;ETS activity;1,4;0,7;Troglobiont/Stygobiont;High;High;NA;Inferred from Fig. 2;Tiziana Di Lorenzo
Alert_00006_R1;Aquatic;Arthopoda;Malacrostaca;Isopoda;Asellidae;Asellus;aquaticus carniolicus;0,35;ETS activity at the temperature of the collection site;20;Dynamic;720;1;°C;yes;Temperature;Temperature;Sublethal;Sublethal;ETS activity ;ETS activity ;ETS activity;1,2;0,85;Troglophile/Stygophile;Low;High;NA;Inferred from Fig. 2;Tiziana Di Lorenzo
Alert_00006_R1;Aquatic;Arthopoda;Malacrostaca;Isopoda;Asellidae;Asellus;aquaticus cavernicolus;0,45;ETS activity at the temperature of the collection site;20;Dynamic;720;1;°C;yes;Temperature;Temperature;Sublethal;Sublethal;ETS activity ;ETS activity ;ETS activity;1,35;0,9;Troglobiont/Stygobiont;High;High;NA;Inferred from Fig. 2;Tiziana Di Lorenzo
Alert_00006_R1;Aquatic;Arthopoda;Malacrostaca;Amphipoda;Niphargidae;Niphargus;zagrebensis;16;R/ETS at the temperature of the collection site;20;Dynamic;720;1;°C;yes;Temperature;Temperature;Sublethal;Sublethal;R/ETS;Oxygen consumption and ETS activity;Oxygen consumption and ETS activity;6;-10;Troglophile/Stygophile;Low;High;NA;Inferred from Fig. 3;Tiziana Di Lorenzo
Alert_00006_R1;Aquatic;Arthopoda;Malacrostaca;Amphipoda;Niphargidae;Niphargus;stygius;14;R/ETS at the temperature of the collection site;20;Dynamic;720;1;°C;yes;Temperature;Temperature;Sublethal;Sublethal;R/ETS;Oxygen consumption and ETS activity;Oxygen consumption and ETS activity;9;-5;Troglobiont/Stygobiont;High;High;NA;Inferred from Fig. 3;Tiziana Di Lorenzo
Alert_00006_R1;Aquatic;Arthopoda;Malacrostaca;Isopoda;Asellidae;Asellus;aquaticus carniolicus;7;R/ETS at the temperature of the collection site;20;Dynamic;720;1;°C;yes;Temperature;Temperature;Sublethal;Sublethal;R/ETS;Oxygen consumption and ETS activity;Oxygen consumption and ETS activity;9;2;Troglophile/Stygophile;Low;High;NA;Inferred from Fig. 3;Tiziana Di Lorenzo
Alert_00006_R1;Aquatic;Arthopoda;Malacrostaca;Isopoda;Asellidae;Asellus;aquaticus cavernicolus;12;R/ETS at the temperature of the collection site;20;Dynamic;720;1;°C;yes;Temperature;Temperature;Sublethal;Sublethal;R/ETS;Oxygen consumption and ETS activity;Oxygen consumption and ETS activity;7;-5;Troglobiont/Stygobiont;High;High;NA;Inferred from Fig. 3;Tiziana Di Lorenzo
Reference_2;Aquatic;Arthopoda;Malacrostaca;Amphipoda;Niphargidae;Niphargus;rhenorhodanensis;90;Survival time (days);30;Static;NA;NA;NA;yes;Temperature;Temperature;Lethal;Lethal;Time of survival ;Lethal time 50 (days);Lethal time 50 (days);1,6;88,4;Troglobiont/Stygobiont;High;High;NA;Number of survival days at the temperature of the collection site (11°C) and at 28°C;Tiziana Di Lorenzo
Reference_2;Aquatic;Arthopoda;Malacrostaca;Amphipoda;Niphargidae;Niphargus;rhenorhodanensis;19;Oxygen consumption rate at the temperature of the collection site;10;Static;NA;NA;NA;yes;Temperature;Temperature;Sublethal;Sublethal;Oxygen consumption;Oxygen consumprion rates μl/ h/ g fresh weight;Oxygen consumprion rates μl/ h/ g fresh weight;17;-2;Troglobiont/Stygobiont;High;High;NA;"Inferred from Fig. 1a; oxygen consumption at the temperature of the collection site (11°C) and at 28°C";Tiziana Di Lorenzo
Reference_2;Aquatic;Arthopoda;Malacrostaca;Amphipoda;Niphargidae;Niphargus;rhenorhodanensis;87;Pleopod beats at the temperature of the collection site;10;Static;NA;NA;NA;yes;Temperature;Temperature;Sublethal;Sublethal;Pleopod beats;n of pleopod beats/min;n of pleopod beats/min;180;93;Troglobiont/Stygobiont;High;High;NA;"Inferred from Fig. 1b; pleopod beats at the temperature of the collection site (11°C) and at 28°C";Tiziana Di Lorenzo
Reference_2;Aquatic;Arthopoda;Malacrostaca;Amphipoda;Niphargidae;Niphargus;rhenorhodanensis;13;Locomotor activity at the temperature of the collection site;10;Static;NA;NA;NA;yes;Temperature;Temperature;Sublethal;Sublethal;Locomotor activity (%);X of time spent in activity ;X of time spent in activity;8;-5;Troglobiont/Stygobiont;High;High;NA;"Inferred from Fig. 1c; 5 of activity at the temperature of the collection site (11°C) and at 28°C";Tiziana Di Lorenzo
Reference_2;Aquatic;Arthopoda;Malacrostaca;Amphipoda;Niphargidae;Niphargus;virei;90;Survival time (days);30;Static;NA;NA;NA;yes;Temperature;Temperature;Lethal;Lethal;Time of survival ;Lethal time 50 (days);Lethal time 50 (days);0,42;89,58;Troglobiont/Stygobiont;High;High;NA;Number of survival days at the temperature of the collection site (11°C) and at 28°C;Tiziana Di Lorenzo
Reference_2;Aquatic;Arthopoda;Malacrostaca;Amphipoda;Niphargidae;Niphargus;virei;10;Oxygen consumption rate at the temperature of the collection site;10;Static;NA;NA;NA;yes;Temperature;Temperature;Sublethal;Sublethal;Oxygen consumption;Oxygen consumprion rates μl/ h/ g fresh weight;Oxygen consumprion rates μl/ h/ g fresh weight;6;-4;Troglobiont/Stygobiont;High;High;NA;"Inferred from Fig. 1a; oxygen consumption at the temperature of the collection site (11°C) and at 28°C";Tiziana Di Lorenzo
Reference_2;Aquatic;Arthopoda;Malacrostaca;Amphipoda;Niphargidae;Niphargus;virei;45;Pleopod beats at the temperature of the collection site;10;Static;NA;NA;NA;yes;Temperature;Temperature;Sublethal;Sublethal;Pleopod beats;n of pleopod beats/min;n of pleopod beats/min;30;-15;Troglobiont/Stygobiont;High;High;NA;"Inferred from Fig. 1b; pleopod beats at the temperature of the collection site (11°C) and at 28°C";Tiziana Di Lorenzo
Reference_2;Aquatic;Arthopoda;Malacrostaca;Amphipoda;Niphargidae;Niphargus;virei;5;Locomotor activity at the temperature of the collection site;10;Static;NA;NA;NA;yes;Temperature;Temperature;Sublethal;Sublethal;Locomotor activity (%);X of time spent in activity ;X of time spent in activity;0,3;-4,7;Troglobiont/Stygobiont;High;High;NA;"Inferred from Fig. 1c;5 of activity at the temperature of the collection site (11°C) and at 28°C";Tiziana Di Lorenzo
Reference_2;Aquatic;Arthopoda;Malacrostaca;Amphipoda;Niphargidae;Gammarus;fossarum;90;Survival time (days);30;Static;NA;NA;NA;yes;Temperature;Temperature;Lethal;Lethal;Time of survival ;Lethal time 50 (days);Lethal time 50 (days);8,23;81,77;External;Null;Null;NA;Number of survival days at the temperature of the collection site (11°C) and at 28°C;Tiziana Di Lorenzo
Reference_2;Aquatic;Arthopoda;Malacrostaca;Amphipoda;Niphargidae;Gammarus;fossarum;23;Oxygen consumption rate at the temperature of the collection site;10;Static;NA;NA;NA;yes;Temperature;Temperature;Sublethal;Sublethal;Oxygen consumption;Oxygen consumprion rates μl/ h/ g fresh weight;Oxygen consumprion rates μl/ h/ g fresh weight;26;3;External;Null;Null;NA;"Inferred from Fig. 1a; oxygen consumption at the temperature of the collection site (11°C) and at 28°C";Tiziana Di Lorenzo
Reference_2;Aquatic;Arthopoda;Malacrostaca;Amphipoda;Niphargidae;Gammarus;fossarum;140;Pleopod beats at the temperature of the collection site;10;Static;NA;NA;NA;yes;Temperature;Temperature;Sublethal;Sublethal;Pleopod beats;n of pleopod beats/min;n of pleopod beats/min;160;20;External;Null;Null;NA;"Inferred from Fig. 1b; pleopod beats at the temperature of the collection site (11°C) and at 28°C";Tiziana Di Lorenzo
Reference_2;Aquatic;Arthopoda;Malacrostaca;Amphipoda;Niphargidae;Gammarus;fossarum;49;Locomotor activity at the temperature of the collection site;10;Static;NA;NA;NA;yes;Temperature;Temperature;Sublethal;Sublethal;Locomotor activity (%);X of time spent in activity ;X of time spent in activity;53;4;External;Null;Null;NA;"Inferred from Fig. 1c;5 of activity at the temperature of the collection site (11°C) and at 28°C";Tiziana Di Lorenzo
Reference_3;Aquatic;Arthopoda;Malacrostaca;Amphipoda;Niphargidae;Niphargus;inopinatus;125000;Concentration at the temperature of the collection site;10;Static;NA;NA;NA;no;Temperature;Temperature;Heat shock;Stress response;Dopanine production after heat shock ;Dopamine concentration;Dopamine concentration;70000;-55000;Troglobiont/Stygobiont;High;High;3/4.5;"Inferred from Fig. 1; temeprature of the collection site 12°C vs 18°C";Tiziana Di Lorenzo
Reference_3;Aquatic;Arthopoda;Malacrostaca;Amphipoda;Niphargidae;Niphargus;inopinatus;3000;Concentration at the temperature of the collection site;10;Static;NA;NA;NA;no;Temperature;Temperature;Heat shock;Stress response;Noradrenaline production after heat shock ;Noradrenaline concentration;Noradrenaline concentration;2900;-100;Troglobiont/Stygobiont;High;High;3/4.5;"Inferred from Fig. 1; temeprature of the collection site 12°C vs 18°C";Tiziana Di Lorenzo
Reference_3;Aquatic;Arthopoda;Malacrostaca;Amphipoda;Niphargidae;Niphargus;inopinatus;0;Concentration at the temperature of the collection site;10;Static;NA;NA;NA;no;Temperature;Temperature;Heat shock;Stress response;Adrenaline production after heat shock ;Adrenaline concentration;Adrenaline concentration;200;200;Troglobiont/Stygobiont;High;High;3/4.5;"Inferred from Fig. 1; temeprature of the collection site 12°C vs 18°C";Tiziana Di Lorenzo
Reference_3;Aquatic;Arthopoda;Malacrostaca;Amphipoda;Niphargidae;Niphargus;inopinatus;125000;Concentration at the temperature of the collection site;10;Static;NA;NA;NA;no;Temperature;Temperature;Heat shock;Stress response;Dopanine production after heat shock ;Dopamine concentration;Dopamine concentration;90000;-35000;Troglobiont/Stygobiont;High;High;3/4.5;"Inferred from Fig. 1; temeprature of the collection site 12°C vs 24°C";Tiziana Di Lorenzo
Reference_3;Aquatic;Arthopoda;Malacrostaca;Amphipoda;Niphargidae;Niphargus;inopinatus;3000;Concentration at the temperature of the collection site;10;Static;NA;NA;NA;no;Temperature;Temperature;Heat shock;Stress response;Noradrenaline production after heat shock ;Noradrenaline concentration;Noradrenaline concentration;2100;-900;Troglobiont/Stygobiont;High;High;3/4.5;"Inferred from Fig. 1; temeprature of the collection site 12°C vs 24°C";Tiziana Di Lorenzo
Reference_3;Aquatic;Arthopoda;Malacrostaca;Amphipoda;Niphargidae;Niphargus;inopinatus;0;Concentration at the temperature of the collection site;10;Static;NA;NA;NA;no;Temperature;Temperature;Heat shock;Stress response;Adrenaline production after heat shock ;Adrenaline concentration;Adrenaline concentration;300;300;Troglobiont/Stygobiont;High;High;3/4.5;"Inferred from Fig. 1; temeprature of the collection site 12°C vs 24°C";Tiziana Di Lorenzo
Reference_3;Aquatic;Arthopoda;Malacrostaca;Amphipoda;Gammaridae;Gammarus;pulex;50;Concentration at the temperature of the collection site;10;Static;NA;NA;NA;no;Temperature;Temperature;Heat shock;Stress response;Dopanine production after heat shock ;Dopamine concentration;Dopamine concentration;80;30;External;Null;Null;NA;"Inferred from Fig. 1; temeprature of the collection site 12°C vs 18°C";Tiziana Di Lorenzo
Reference_3;Aquatic;Arthopoda;Malacrostaca;Amphipoda;Gammaridae;Gammarus;pulex;5;Concentration at the temperature of the collection site;10;Static;NA;NA;NA;no;Temperature;Temperature;Heat shock;Stress response;Noradrenaline production after heat shock ;Noradrenaline concentration;Noradrenaline concentration;10;5;External;Null;Null;NA;"Inferred from Fig. 1; temeprature of the collection site 12°C vs 18°C";Tiziana Di Lorenzo
Reference_3;Aquatic;Arthopoda;Malacrostaca;Amphipoda;Gammaridae;Gammarus;pulex;17;Concentration at the temperature of the collection site;9;Static;NA;NA;NA;no;Temperature;Temperature;Heat shock;Stress response;Adrenaline production after heat shock ;Adrenaline concentration;Adrenaline concentration;15;-2;External;Null;Null;NA;"Inferred from Fig. 1; temeprature of the collection site 12°C vs 18°C";Tiziana Di Lorenzo
Reference_3;Aquatic;Arthopoda;Malacrostaca;Amphipoda;Gammaridae;Gammarus;pulex;50;Concentration at the temperature of the collection site;10;Static;NA;NA;NA;no;Temperature;Temperature;Heat shock;Stress response;Dopanine production after heat shock ;Dopamine concentration;Dopamine concentration;40;-10;External;Null;Null;NA;"Inferred from Fig. 1; temeprature of the collection site 12°C vs 24°C";Tiziana Di Lorenzo
Reference_3;Aquatic;Arthopoda;Malacrostaca;Amphipoda;Gammaridae;Gammarus;pulex;5;Concentration at the temperature of the collection site;10;Static;NA;NA;NA;no;Temperature;Temperature;Heat shock;Stress response;Noradrenaline production after heat shock ;Noradrenaline concentration;Noradrenaline concentration;35;30;External;Null;Null;NA;"Inferred from Fig. 1; temeprature of the collection site 12°C vs 24°C";Tiziana Di Lorenzo
Reference_3;Aquatic;Arthopoda;Malacrostaca;Amphipoda;Gammaridae;Gammarus;pulex;17;Concentration at the temperature of the collection site;9;Static;NA;NA;NA;no;Temperature;Temperature;Heat shock;Stress response;Adrenaline production after heat shock ;Adrenaline concentration;Adrenaline concentration;20;3;External;Null;Null;NA;"Inferred from Fig. 1; temeprature of the collection site 12°C vs 24°C";Tiziana Di Lorenzo
Reference_1;Terrestrial;Arthopoda;Insecta;Collembola;Isotomidae;Folsomia;manolachei;10,3;Habitat temperature;59;Dynamic;1;0,15;°C;yes;Temperature;Temperature;Lethal;Lethal;Mortality;LDh50;LT50;35,6;25,3;External;Null;NA;NA;Annual mean temperature extracted from the Table 1;Raquel Colado
Reference_1;Terrestrial;Arthopoda;Insecta;Collembola;Isotomidae;Folsomia;penicula;7;Habitat temperature;57;Dynamic;1;0,15;°C;yes;Temperature;Temperature;Lethal;Lethal;Mortality;LDh50;LT50;34,6;27,6;External;Null;NA;NA;Annual mean temperature extracted from the Table 1;Raquel Colado
Reference_1;Terrestrial;Arthopoda;Insecta;Collembola;Katiannidae;Sminthurinus;aureus;5,15;Habitat temperature;50;Dynamic;1;0,15;°C;yes;Temperature;Temperature;Lethal;Lethal;Mortality;LDh50;LT50;33,9;28,75;External;Null;NA;NA;Annual mean temperature extracted from the Table 1;Raquel Colado
CC_0077;Aquatic;Arthopoda;Malacrostaca;Syncarida;Bathynellacea;Parabathynella;sp.;19,7;Habitat temperature;10;Dynamic;4320;1;°C;yes;Temperature;Temperature;Lethal;Lethal;Tolerance limits;UTL50;LT50;30;10,3;Troglobiont/Stygobiont;High;NA;NA;-;Raquel Colado
CC_0046;Aquatic;Arthopoda;Malacrostaca;Isopoda;Asellidae;Proasellus;valdensis Pv1;11,7;Habitat temperature;7;Dynamic;1440;0,22;°C;yes;Temperature;Temperature;Sublethal;Sublethal;Locomotor activity;Mean locomotor velocity (cm min–1);Mean locomotor velocity (cm min–1);6;-1;Troglophile/Stygophile;Low;NA;NA;"Data extracted from the figures. Temperature at baseline: 10°C; Temperature value: 19°C. Treatment--> 2, 4, 7, 10, 13, 16, 19 and 22°C. Survival rates <70% high temperatures (from 19°C)";Raquel Colado
CC_0046;Aquatic;Arthopoda;Malacrostaca;Isopoda;Asellidae;Proasellus;valdensis Pv2;6,3;Habitat temperature;7;Dynamic;1440;0,22;°C;yes;Temperature;Temperature;Sublethal;Sublethal;Locomotor activity;Mean locomotor velocity (cm min–1);Mean locomotor velocity (cm min–1);1,8;-3,2;Troglophile/Stygophile;Low;NA;NA;"Data extracted from the figures. Temperature at baseline: 10°C; Temperature value: 19°C. Treatment-->Temperatures: 2, 4, 7, 10, 13, 16, 19 and 22°C. Survival rates <50% high temperatures (from 19°C)";Raquel Colado
CC_0046;Aquatic;Arthopoda;Malacrostaca;Isopoda;Asellidae;Proasellus;sp. 1;9,9;Habitat temperature;7;Dynamic;1440;0,22;°C;yes;Temperature;Temperature;Sublethal;Sublethal;Locomotor activity;Mean locomotor velocity (cm min–1);Mean locomotor velocity (cm min–1);3;-2;Troglobiont/Stygobiont;High;NA;NA;"Data extracted from the figures. Temperature at baseline: 10°C; Temperature value: 16°C. Treatment-->Temperatures: 2, 4, 7, 10, 13, 16, 19 and 22°C. No survival in 19°C and 22°C.";Raquel Colado
CC_0046;Aquatic;Arthopoda;Malacrostaca;Isopoda;Asellidae;Proasellus;sp. 2;11;Habitat temperature;7;Dynamic;1440;0,22;°C;yes;Temperature;Temperature;Sublethal;Sublethal;Locomotor activity;Mean locomotor velocity (cm min–1);Mean locomotor velocity (cm min–1);0,75;-3,25;Troglobiont/Stygobiont;High;NA;NA;"Data extracted from the figures. Temperature at baseline: 10°C; Temperature value: 19°C. Treatments-->Temperatures: 2, 4, 7, 10, 13, 16, 19 and 22°C. Survival rates <1% high temperatures (from 19ºC). No survival in 22°C.";Raquel Colado
CC_0046;Aquatic;Arthopoda;Malacrostaca;Isopoda;Asellidae;Proasellus;valdensis Pv1;0,7;Mean O2 consumption (μg O2 h–1 mg–1 dry mass);7;Dynamic;1440;0,22;°C;yes;Temperature;Temperature;Sublethal;Sublethal;Oxygen consumption;Mean O2 consumption (μg O2 h–1 mg–1 dry mass);Mean O2 consumption (μg O2 h–1 mg–1 dry mass);1,3;0,6;Troglophile/Stygophile;Low;NA;NA;"Data extracted from the figures. Temperature at baseline: 10°C; Temperature value: 22°C. Treatments-->Temperatures: 2, 4, 7, 10, 13, 16, 19 and 22°C.";Raquel Colado
CC_0046;Aquatic;Arthopoda;Malacrostaca;Isopoda;Asellidae;Proasellus;valdensis Pv2;0,6;Mean O2 consumption (μg O2 h–1 mg–1 dry mass);7;Dynamic;1440;0,22;°C;yes;Temperature;Temperature;Sublethal;Sublethal;Oxygen consumption;Mean O2 consumption (μg O2 h–1 mg–1 dry mass);Mean O2 consumption (μg O2 h–1 mg–1 dry mass);1;0,4;Troglophile/Stygophile;Low;NA;NA;"Data extracted from the figures. Temperature at baseline: 10°C; Temperature value: 19°C. Treatments-->Temperatures: 2, 4, 7, 10, 13, 16, 19 and 22°C.";Raquel Colado
CC_0046;Aquatic;Arthopoda;Malacrostaca;Isopoda;Asellidae;Proasellus;sp. 1;0,7;Mean O2 consumption (μg O2 h–1 mg–1 dry mass);7;Dynamic;1440;0,22;°C;yes;Temperature;Temperature;Sublethal;Sublethal;Oxygen consumption;Mean O2 consumption (μg O2 h–1 mg–1 dry mass);Mean O2 consumption (μg O2 h–1 mg–1 dry mass);1,25;0,55;Troglobiont/Stygobiont;High;NA;NA;"Data extracted from the figures. Temperature at baseline: 10°C; Temperature value: 16°C. TreatmentsTemperatures: 2, 4, 7, 10, 13, 16, 19 and 22°C.";Raquel Colado
CC_0046;Aquatic;Arthopoda;Malacrostaca;Isopoda;Asellidae;Proasellus;sp. 2;0,6;Mean O2 consumption (μg O2 h–1 mg–1 dry mass);7;Dynamic;1440;0,22;°C;yes;Temperature;Temperature;Sublethal;Sublethal;Oxygen consumption;Mean O2 consumption (μg O2 h–1 mg–1 dry mass);Mean O2 consumption (μg O2 h–1 mg–1 dry mass);1,6;1;Troglobiont/Stygobiont;High;NA;NA;"Data extracted from the figures. Temperature at baseline: 10°C; Temperature value: 19°C. TreatmentsTemperatures: 2, 4, 7, 10, 13, 16, 19 and 22°C.";Raquel Colado
CC_0046;Aquatic;Arthopoda;Malacrostaca;Isopoda;Asellidae;Proasellus;valdensis Pv1;0,5;Maximal phenoloxidase activity;7;Dynamic;1440;0,22;°C;yes;Temperature;Temperature;Sublethal;Sublethal;Inmune defense ;Maximal phenoloxidase activity 10–3;Maximal phenoloxidase activity 10–4;0,6;0,1;Troglophile/Stygophile;Low;NA;NA;"Individual killed. Data extracted from the figures. Temperature at baseline: 10°C; Temperature value: 19°C. Treatments-->Temperatures: 2, 4, 7, 10, 13, 16, 19 and 22°C. Phenoloxidase activity in 19°C and 22°C.";Raquel Colado
CC_0046;Aquatic;Arthopoda;Malacrostaca;Isopoda;Asellidae;Proasellus;valdensis Pv2;0,3;Maximal phenoloxidase activity;7;Dynamic;1440;0,22;°C;yes;Temperature;Temperature;Sublethal;Sublethal;Inmune defense ;Maximal phenoloxidase activity 10–3;Maximal phenoloxidase activity 10–5;0,2;-0,1;Troglophile/Stygophile;Low;NA;NA;"Individual killed. Data extracted from the figures. Temperature at baseline: 10°C; Temperature value: 19°C. Treatments-->Temperatures: 2, 4, 7, 10, 13, 16, 19 and 22°C. phenoloxidase activity from 19°C. No survival in 22°C.";Raquel Colado
CC_0046;Aquatic;Arthopoda;Malacrostaca;Isopoda;Asellidae;Proasellus;sp. 1;0,2;Maximal phenoloxidase activity;7;Dynamic;1440;0,22;°C;yes;Temperature;Temperature;Sublethal;Sublethal;Inmune defense ;Maximal phenoloxidase activity 10–3;Maximal phenoloxidase activity 10–6;0,6;0,4;Troglobiont/Stygobiont;High;NA;NA;"Individual killed.Data extracted from the figures. Temperature at baseline: 10°C; Temperature value: 19°C. Treatments-->Temperatures: 2, 4, 7, 10, 13, 16, 19 and 22°C. Phenoloxidase activity in 16°C. No survival in 19 and 22°C.";Raquel Colado
CC_0046;Aquatic;Arthopoda;Malacrostaca;Isopoda;Asellidae;Proasellus;sp. 2;0,3;Maximal phenoloxidase activity;7;Dynamic;1440;0,22;°C;yes;Temperature;Temperature;Sublethal;Sublethal;Inmune defense ;Maximal phenoloxidase activity 10–3;Maximal phenoloxidase activity 10–7;0,6;0,3;Troglobiont/Stygobiont;High;NA;NA;"Individual killed. Data extracted from the figures. Temperature at baseline: 10°C; Temperature value: 19°C. Treatments-->Temperatures: 2, 4, 7, 10, 13, 16, 19 and 22°C. Phenoloxidase activity in 19°C. No survival in 22°C.";Raquel Colado
CC_0046;Aquatic;Arthopoda;Malacrostaca;Isopoda;Asellidae;Proasellus;valdensis Pv1;170;Concentration (nmol mg–1 dry mass);7;Dynamic;1440;0,22;°C;yes;Temperature;Temperature;Sublethal;Sublethal;total free amino acids;Concentration (nmol mg–1 dry mass);Concentration (nmol mg–1 dry mass);230;60;Troglophile/Stygophile;Low;NA;NA;"Data extracted from the figures. Temperature at baseline: 10°C; Temperature value: 16°C. Treatments-->Temperatures: 4,10 and 16°C. Concentration in 16°C.";Raquel Colado
CC_0046;Aquatic;Arthopoda;Malacrostaca;Isopoda;Asellidae;Proasellus;valdensis Pv2;190;Concentration (nmol mg–1 dry mass);7;Dynamic;1440;0,22;°C;yes;Temperature;Temperature;Sublethal;Sublethal;total free amino acids;Concentration (nmol mg–1 dry mass);Concentration (nmol mg–1 dry mass);210;20;Troglophile/Stygophile;Low;NA;NA;Data extracted from the figures. Temperatures: 4,10 and 16°C. Concentration in 16°C.;Raquel Colado
CC_0046;Aquatic;Arthopoda;Malacrostaca;Isopoda;Asellidae;Proasellus;sp. 1;300;Concentration (nmol mg–1 dry mass);7;Dynamic;1440;0,22;°C;yes;Temperature;Temperature;Sublethal;Sublethal;total free amino acids;Concentration (nmol mg–1 dry mass);Concentration (nmol mg–1 dry mass);210;-90;Troglobiont/Stygobiont;High;NA;NA;"Data extracted from the figures. Temperature at baseline: 10°C; Temperature value: 16°C. Treatments-->Temperatures: 4,10 and 16°C. Concentration in 16°C.";Raquel Colado
CC_0046;Aquatic;Arthopoda;Malacrostaca;Isopoda;Asellidae;Proasellus;sp. 2;300;Concentration (nmol mg–1 dry mass);7;Dynamic;1440;0,22;°C;yes;Temperature;Temperature;Sublethal;Sublethal;total free amino acids;Concentration (nmol mg–1 dry mass);Concentration (nmol mg–1 dry mass);160;-140;Troglobiont/Stygobiont;High;NA;NA;Data extracted from the figures. Temperatures: 4,10 and 16°C. Concentration in 16°C.;Raquel Colado
CC_0046;Aquatic;Arthopoda;Malacrostaca;Isopoda;Asellidae;Proasellus;valdensis Pv1;250;Concentration (nmol mg–1 dry mass);7;Dynamic;1440;0,22;°C;yes;Temperature;Temperature;Sublethal;Sublethal;total free sugars;Concentration (nmol mg–1 dry mass);Concentration (nmol mg–1 dry mass);140;-110;Troglophile/Stygophile;Low;NA;NA;"Data extracted from the figures. Temperature at baseline: 10°C; Temperature value: 16°C. Treatments-->Temperatures: 4,10 and 16°C. Concentration in 16°C.";Raquel Colado
CC_0046;Aquatic;Arthopoda;Malacrostaca;Isopoda;Asellidae;Proasellus;valdensis Pv2;60;Concentration (nmol mg–1 dry mass);7;Dynamic;1440;0,22;°C;yes;Temperature;Temperature;Sublethal;Sublethal;total free sugars;Concentration (nmol mg–1 dry mass);Concentration (nmol mg–1 dry mass);40;-20;Troglophile/Stygophile;Low;NA;NA;"Data extracted from the figures. Temperature at baseline: 10°C; Temperature value: 16°C. Treatments-->Temperatures: 4,10 and 16°C. Concentration in 16°C.";Raquel Colado
CC_0046;Aquatic;Arthopoda;Malacrostaca;Isopoda;Asellidae;Proasellus;sp. 1;100;Concentration (nmol mg–1 dry mass);7;Dynamic;1440;0,22;°C;yes;Temperature;Temperature;Sublethal;Sublethal;total free sugars;Concentration (nmol mg–1 dry mass);Concentration (nmol mg–1 dry mass);60;-40;Troglobiont/Stygobiont;High;NA;NA;Data extracted from the figures. Temperatures: 4,10 and 16°C. Concentration in 16°C.;Raquel Colado
CC_0046;Aquatic;Arthopoda;Malacrostaca;Isopoda;Asellidae;Proasellus;sp. 2;250;Concentration (nmol mg–1 dry mass);7;Dynamic;1440;0,22;°C;yes;Temperature;Temperature;Sublethal;Sublethal;total free sugars;Concentration (nmol mg–1 dry mass);Concentration (nmol mg–1 dry mass);140;-110;Troglobiont/Stygobiont;High;NA;NA;"Data extracted from the figures. Temperature at baseline: 10°C; Temperature value: 16°C. Treatments-->Temperatures: 4,10 and 16°C. Concentration in 16°C.";Raquel Colado
Alert_00004;Aquatic;Arthopoda;Insecta;Coleoptera;Dytiscidae;Paroster;macrosturtensis;NA;Differential gene expresion;3;Static;NA;NA;NA;NA;Temperature;Temperature;Transcriptomic;Stress response;Gene expression;Differential gene expression ;Differential gene expression;NA;51;Troglobiont/Stygobiont;High;NA;NA;Delta value directly reported in the study - Fig. 2. Difference in the number of genes expressed under a control treatment (25°C) and stress treatment (35°C);Susana Pallarés
CC_0330;Aquatic;Bacteria;NA;NA;NA;NA;Low Nucleic acid content (LNA) bacteria;9,8;Cell count at lower tested temperature;1;Static;NA;NA;NA;NA;Temperature;Temperature;Lethal;Lethal;Cell damage;Cell count (intact cells);Cell count (intact cells);2;7,8;Unknown;Unkonwn;NA;NA;"N = one water sample in one site if I understood well; temp at baseline: 20°C, temp at value: 80; values extracted from Fig.2a";Susana Pallarés
CC_0330;Aquatic;Bacteria;NA;NA;NA;NA;High Nucleic acid content (HNA) bacteria;2,7;Cell count at lower tested temperature;1;Static;NA;NA;NA;NA;Temperature;Temperature;Lethal;Lethal;Cell damage;Cell count (intact cells);Cell count (intact cells);0,4;2,3;Unknown;Unkonwn;NA;NA;"N = one water sample in one site if I understood well; temp at baseline: 20°C, temp at value: 80; values extracted from Fig.2a";Susana Pallarés
CC_0330;Aquatic;Bacteria;NA;NA;NA;NA;All bacteria;1,7;Cell count at lower tested temperature;1;Static;NA;NA;NA;NA;Temperature;Temperature;Lethal;Lethal;Cell damage;Total damaged cells (total bacteria);Total damaged cells (total bacteria);9;7,3;Unknown;Unkonwn;NA;NA;"N = one water sample in one site if I understood well; temp at baseline: 20°C, temp at value: 80; values extracted from Fig.2a";Susana Pallarés
CC_0330;Aquatic;Bacteria;NA;NA;NA;NA;Low Nucleic acid content (LNA) bacteria;300;Cell count at lower tested temperature;1;Static;NA;NA;NA;NA;pH;pH;Lethal;Lethal;Cell damage;Cell count (total cells);Cell count (total cells);160;140;Unknown;Unkonwn;NA;NA;"N = one water sample in one site if I understood well; ph baseline=7.4, ph at value=3";Susana Pallarés
CC_0330;Aquatic;Bacteria;NA;NA;NA;NA;Low Nucleic acid content (LNA) bacteria;300;Cell count at lower tested temperature;1;Static;NA;NA;NA;NA;pH;pH;Lethal;Lethal;Cell damage;Cell count (total cells);Cell count (total cells);150;150;Unknown;Unkonwn;NA;NA;"N = one water sample in one site if I understood well; ph baseline=7.4, ph at value=11";Susana Pallarés
CC_0330;Aquatic;Bacteria;NA;NA;NA;NA;High Nucleic acid content (HNA) bacteria;120;Cell count at lower tested temperature;1;Static;NA;NA;NA;NA;pH;pH;Lethal;Lethal;Cell damage;Cell count (total cells);Cell count (total cells);60;60;Unknown;Unkonwn;NA;NA;"N = one water sample in one site if I understood well; ph baseline=7.4, ph at value=3";Susana Pallarés
CC_0330;Aquatic;Bacteria;NA;NA;NA;NA;High Nucleic acid content (HNA) bacteria;120;Cell count at lower tested temperature;1;Static;NA;NA;NA;NA;pH;pH;Lethal;Lethal;Cell damage;Cell count (total cells);Cell count (total cells);55;65;Unknown;Unkonwn;NA;NA;"N = one water sample in one site if I understood well; ph baseline=7.4, ph at value=11";Susana Pallarés
CC_0330;Aquatic;Bacteria;NA;NA;NA;NA;Low Nucleic acid content (LNA) bacteria;300;Cell count at lower tested temperature;1;Static;NA;NA;NA;NA;pH;pH;Lethal;Lethal;Cell damage;Cell count (total cells);Cell count (total cells);100;200;Unknown;Unkonwn;NA;NA;"N = one water sample in one site if I understood well; ph baseline=7.4, ph at value=3";Susana Pallarés
CC_0330;Aquatic;Bacteria;NA;NA;NA;NA;Low Nucleic acid content (LNA) bacteria;300;Cell count at lower tested temperature;1;Static;NA;NA;NA;NA;pH;pH;Lethal;Lethal;Cell damage;Cell count (total cells);Cell count (total cells);100;200;Unknown;Unkonwn;NA;NA;"N = one water sample in one site if I understood well; ph baseline=7.4, ph at value=11";Susana Pallarés
CC_0330;Aquatic;Bacteria;NA;NA;NA;NA;High Nucleic acid content (HNA) bacteria;60;Cell count at lower tested temperature;1;Static;NA;NA;NA;NA;pH;pH;Lethal;Lethal;Cell damage;Cell count (total cells);Cell count (total cells);40;20;Unknown;Unkonwn;NA;NA;"N = one water sample in one site if I understood well; ph baseline=7.4, ph at value=3";Susana Pallarés
CC_0330;Aquatic;Bacteria;NA;NA;NA;NA;High Nucleic acid content (HNA) bacteria;60;Cell count at lower tested temperature;1;Static;NA;NA;NA;NA;pH;pH;Lethal;Lethal;Cell damage;Cell count (total cells);Cell count (total cells);40;20;Unknown;Unkonwn;NA;NA;"N = one water sample in one site if I understood well; ph baseline=7.4, ph at value=11";Susana Pallarés
Alert_00003;Terrestrial;Chordata;Mammalia;Chiroptera;Miniopteridae;Miniopterus;natalensis;25,6;Habitat temperature;10;Dynamic;20;4;°C;yes;Temperature;Temperature;Sublethal;Sublethal;Tolerance limits;Subcutaneous temperature max;Subcutaneous temperature max;42,7;17,1;Troglophile/Stygophile;Low;Low;NA;After 40°C, ramping becomes 2°C;Stefano Mammola
Alert_00003;Terrestrial;Chordata;Mammalia;Chiroptera;Rhinolophidae;Rhinolophus;capensis;26,6;Habitat temperature;10;Dynamic;20;4;°C;yes;Temperature;Temperature;Sublethal;Sublethal;Tolerance limits;Subcutaneous temperature max;Subcutaneous temperature max;42;15,4;Troglophile/Stygophile;Low;Low;NA;After 40°C, ramping becomes 2°C;Stefano Mammola
Alert_00003;Terrestrial;Chordata;Mammalia;Chiroptera;Miniopteridae;Miniopterus;natalensis;0,21;Resting metabolic rate;10;Dynamic;20;4;°C;yes;Temperature;Temperature;Sublethal;Sublethal;Metabolism;Max metabolic heat production;Max metabolic heat production;0,25;0,04;Troglophile/Stygophile;Low;Low;NA;Used minimum resting metabolic rate as baseline;Stefano Mammola
Alert_00003;Terrestrial;Chordata;Mammalia;Chiroptera;Rhinolophidae;Rhinolophus;capensis;0,08;Resting metabolic rate;10;Dynamic;20;4;°C;yes;Temperature;Temperature;Sublethal;Sublethal;Metabolism;Max metabolic heat production;Max metabolic heat production;0,22;0,14;Troglophile/Stygophile;Low;Low;NA;Used minimum resting metabolic rate as baseline;Stefano Mammola
Alert_00003;Terrestrial;Chordata;Mammalia;Chiroptera;Miniopteridae;Miniopterus;natalensis;0,1;Resting evaporative water loss;10;Dynamic;20;4;°C;yes;Temperature;Temperature;Sublethal;Sublethal;Metabolism;Max evaporative water loss;Max evaporative water loss;0,25;0,15;Troglophile/Stygophile;Low;Low;NA;Used minimum evaporative water loss as baseline;Stefano Mammola
Alert_00003;Terrestrial;Chordata;Mammalia;Chiroptera;Rhinolophidae;Rhinolophus;capensis;0,06;Resting evaporative water loss;10;Dynamic;20;4;°C;yes;Temperature;Temperature;Sublethal;Sublethal;Metabolism;Max evaporative water loss;Max evaporative water loss;0,29;0,23;Troglophile/Stygophile;Low;Low;NA;Used minimum evaporative water loss as baseline;Stefano Mammola
CC_0275;Terrestrial;Chordata;Mammalia;Chiroptera;Emballonuridae;Rhynchonycteris;naso;0;Relocation behaviour at lowest tested temperature;64;NA;NA;NA;NA;NA;Mean middday temperature;Temperature;Behaviour;Stress response;Behaviour;Proportion of bats that relocate to alternative sites within roosts;Proportion of bats that relocate to alternative sites within roosts;1;1;Troglophile/Stygophile;Low;NA;NA;Temperature at baseline: 24°C, temperature at maximum probability: 34°C;Susana Pallarés
CC_0275;Terrestrial;Chordata;Mammalia;Chiroptera;Emballonuridae;Rhynchonycteris;naso;0;Relocation behaviour at lowest tested temperature;45;NA;NA;NA;NA;NA;Max middday temperature;Temperature;Behaviour;Stress response;Behaviour;Proportion of bats that relocate to alternative sites within roosts;Proportion of bats that relocate to alternative sites within roosts;1;1;Troglophile/Stygophile;Low;NA;NA;Temperature at baseline: 24°C, temperature at maximum probability: 36°C;Susana Pallarés
CC_0275_R6;Terrestrial;Chordata;Mammalia;Chiroptera;Mormoopidae;Pteronotus;quadridens;4,46;Metabolic rate at lowest tested temperature;5;Static;NA;NA;NA;NA;Temperature;Temperature;Sublethal;Sublethal;Metabolism;Mass-specific basal metabolic rate;Mass-specific basal metabolic rate;1,5;2,96;Troglophile/Stygophile;Low;NA;NA;"Approximate values estimated from Fig. 2; n= number of datapoints for each treatment (aprox.); temperature at baseline: 17°C, temperature at value: 30°C";Susana Pallarés
CC_0275_R6;Terrestrial;Chordata;Mammalia;Chiroptera;Mormoopidae;Mormoops;blainvillii;4,35;Metabolic rate at lowest tested temperature;5;Static;NA;NA;NA;NA;Temperature;Temperature;Sublethal;Sublethal;Metabolism;Mass-specific basal metabolic rate;Mass-specific basal metabolic rate;1,6;2,75;Troglophile/Stygophile;Low;NA;NA;"Approximate values estimated from Fig. 3; n= number of datapoints for each treatment (aprox.); temperature at baseline: 16°C, temperature at value: 28°C";Susana Pallarés
CC_0275_R6;Terrestrial;Chordata;Mammalia;Chiroptera;Phyllostomidae;Monophyllus;redmani;6,05;Metabolic rate at lowest tested temperature;5;Static;NA;NA;NA;NA;Temperature;Temperature;Sublethal;Sublethal;Metabolism;Mass-specific basal metabolic rate;Mass-specific basal metabolic rate;3,72;2,33;Troglophile/Stygophile;Low;NA;NA;"Approximate values estimated from Fig. 4; n= number of datapoints for each treatment (aprox.); temperature at baseline: 16°C, temperature at value: 27°C";Susana Pallarés
CC_0275_R6;Terrestrial;Chordata;Mammalia;Chiroptera;Phyllostomidae;Erophylla;bombifrons;3,6;Metabolic rate at lowest tested temperature;6;Static;NA;NA;NA;NA;Temperature;Temperature;Sublethal;Sublethal;Metabolism;Mass-specific basal metabolic rate;Mass-specific basal metabolic rate;3;0,6;Troglophile/Stygophile;Low;NA;NA;"Approximate values estimated from Fig. 5; n= number of datapoints for each treatment (aprox.); temperature at baseline: 16°C, temperature at value: 27°C";Susana Pallarés
CC_0275_R3;Terrestrial;Chordata;Mammalia;Chiroptera;Emballonuridae;Saccopteryx;bilineata;5;Metabolic rate at lowest tested temperature;3;Static;NA;NA;NA;NA;Temperature;Temperature;Sublethal;Sublethal;Metabolism;Mass-specific basal metabolic rate;Mass-specific basal metabolic rate;1,8;3,2;Troglophile/Stygophile;Low;NA;NA;"Approximate values estimated from Fig. 1; n=number of datapoints for each treatment in Fig. 1; temp at baseline = 20°C, temp at value = 30°C";Susana Pallarés
CC_0275_R4;Terrestrial;Chordata;Mammalia;Chiroptera;Emballonuridae;Peropteryx;macrotis;6,25;Metabolic rate at lowest tested temperature;4;Static;NA;NA;NA;NA;Temperature;Temperature;Sublethal;Sublethal;Metabolism;Mass-specific basal metabolic rate;Mass-specific basal metabolic rate;2,75;3,5;Troglophile/Stygophile;Low;NA;NA;"Approximate values estimated from Fig. 1; n=number of datapoints for each treatment in Fig.1; temp at baseline = 14°C (aprox.), temp at value = 30°C (aprox.); species found in caves but close to the entrance";Susana Pallarés
CC_0275_R4;Terrestrial;Chordata;Mammalia;Chiroptera;Natalidae;Natalus;tumidirostris;13;Metabolic rate at lowest tested temperature;3;Static;NA;NA;NA;NA;Temperature;Temperature;Sublethal;Sublethal;Metabolism;Mass-specific basal metabolic rate;Mass-specific basal metabolic rate;1,8;11,2;Troglophile/Stygophile;Low;NA;NA;"Approximate values estimated from Fig. 2; n=number of datapoints for each treatment in Fig.2; temp at baseline = 10°C (aprox.); temp at value = 26°C (aprox)";Susana Pallarés
